fpr,tpr
0.00000,0.00083
0.00000,0.00166
0.00000,0.00249
0.00007,0.00249
0.00014,0.00249
0.00014,0.00332
0.00014,0.00415
0.00014,0.00498
0.00014,0.00581
0.00014,0.00664
0.00014,0.00748
0.00014,0.00831
0.00014,0.00914
0.00014,0.00997
0.00014,0.01080
0.00014,0.01163
0.00014,0.01246
0.00014,0.01329
0.00014,0.01412
0.00014,0.01495
0.00014,0.01578
0.00014,0.01661
0.00014,0.01744
0.00014,0.01827
0.00014,0.01910
0.00014,0.01993
0.00014,0.02076
0.00014,0.02159
0.00020,0.02159
0.00020,0.02243
0.00027,0.02243
0.00034,0.02243
0.00034,0.02326
0.00034,0.02409
0.00034,0.02492
0.00034,0.02575
0.00034,0.02658
0.00034,0.02741
0.00034,0.02824
0.00034,0.02907
0.00034,0.02990
0.00034,0.03073
0.00034,0.03156
0.00034,0.03239
0.00034,0.03322
0.00041,0.03322
0.00048,0.03322
0.00048,0.03405
0.00048,0.03488
0.00048,0.03571
0.00048,0.03654
0.00048,0.03738
0.00048,0.03821
0.00055,0.03821
0.00055,0.03904
0.00055,0.03987
0.00055,0.04070
0.00055,0.04153
0.00055,0.04236
0.00055,0.04319
0.00055,0.04402
0.00055,0.04485
0.00055,0.04568
0.00055,0.04651
0.00055,0.04734
0.00055,0.04817
0.00061,0.04817
0.00068,0.04817
0.00068,0.04900
0.00068,0.04983
0.00068,0.05066
0.00068,0.05150
0.00068,0.05233
0.00068,0.05316
0.00068,0.05399
0.00068,0.05482
0.00068,0.05565
0.00068,0.05648
0.00068,0.05731
0.00068,0.05814
0.00068,0.05897
0.00068,0.05980
0.00068,0.06063
0.00068,0.06146
0.00068,0.06229
0.00068,0.06312
0.00068,0.06395
0.00075,0.06395
0.00082,0.06395
0.00082,0.06478
0.00082,0.06561
0.00082,0.06645
0.00082,0.06728
0.00082,0.06811
0.00082,0.06894
0.00082,0.06977
0.00082,0.07060
0.00082,0.07143
0.00082,0.07226
0.00082,0.07309
0.00082,0.07392
0.00082,0.07475
0.00082,0.07558
0.00082,0.07641
0.00082,0.07724
0.00082,0.07807
0.00082,0.07890
0.00082,0.07973
0.00082,0.08056
0.00082,0.08140
0.00082,0.08223
0.00082,0.08306
0.00082,0.08389
0.00082,0.08472
0.00082,0.08555
0.00082,0.08638
0.00082,0.08721
0.00082,0.08804
0.00082,0.08887
0.00082,0.08970
0.00082,0.09053
0.00082,0.09136
0.00082,0.09219
0.00082,0.09302
0.00082,0.09385
0.00082,0.09468
0.00082,0.09551
0.00082,0.09635
0.00082,0.09718
0.00082,0.09801
0.00082,0.09884
0.00082,0.09967
0.00082,0.10050
0.00082,0.10133
0.00082,0.10216
0.00082,0.10299
0.00082,0.10382
0.00082,0.10465
0.00082,0.10548
0.00082,0.10631
0.00082,0.10714
0.00082,0.10797
0.00089,0.10797
0.00095,0.10797
0.00095,0.10880
0.00095,0.10963
0.00095,0.11047
0.00095,0.11130
0.00095,0.11213
0.00095,0.11296
0.00095,0.11379
0.00102,0.11379
0.00102,0.11462
0.00102,0.11545
0.00102,0.11628
0.00102,0.11711
0.00102,0.11794
0.00102,0.11877
0.00102,0.11960
0.00102,0.12043
0.00102,0.12126
0.00102,0.12209
0.00109,0.12209
0.00109,0.12292
0.00109,0.12375
0.00109,0.12458
0.00116,0.12458
0.00123,0.12458
0.00130,0.12458
0.00130,0.12542
0.00130,0.12625
0.00130,0.12708
0.00130,0.12791
0.00130,0.12874
0.00130,0.12957
0.00130,0.13040
0.00130,0.13123
0.00130,0.13206
0.00130,0.13289
0.00130,0.13372
0.00130,0.13455
0.00130,0.13538
0.00130,0.13621
0.00130,0.13704
0.00130,0.13787
0.00130,0.13870
0.00130,0.13953
0.00136,0.13953
0.00143,0.13953
0.00150,0.13953
0.00150,0.14037
0.00150,0.14120
0.00150,0.14203
0.00150,0.14286
0.00150,0.14369
0.00150,0.14452
0.00150,0.14535
0.00150,0.14618
0.00150,0.14701
0.00150,0.14784
0.00150,0.14867
0.00150,0.14950
0.00150,0.15033
0.00150,0.15116
0.00150,0.15199
0.00150,0.15282
0.00150,0.15365
0.00150,0.15449
0.00150,0.15532
0.00150,0.15615
0.00150,0.15698
0.00150,0.15781
0.00150,0.15864
0.00157,0.15864
0.00157,0.15947
0.00157,0.16030
0.00157,0.16113
0.00157,0.16196
0.00157,0.16279
0.00157,0.16362
0.00157,0.16445
0.00157,0.16528
0.00157,0.16611
0.00157,0.16694
0.00157,0.16777
0.00157,0.16860
0.00157,0.16944
0.00157,0.17027
0.00157,0.17110
0.00157,0.17193
0.00164,0.17193
0.00170,0.17193
0.00170,0.17276
0.00170,0.17359
0.00170,0.17442
0.00170,0.17525
0.00170,0.17608
0.00177,0.17608
0.00177,0.17691
0.00177,0.17774
0.00177,0.17857
0.00177,0.17940
0.00177,0.18023
0.00177,0.18106
0.00177,0.18189
0.00177,0.18272
0.00177,0.18355
0.00177,0.18439
0.00177,0.18522
0.00177,0.18605
0.00177,0.18688
0.00177,0.18771
0.00177,0.18854
0.00177,0.18937
0.00177,0.19020
0.00184,0.19020
0.00191,0.19020
0.00191,0.19103
0.00191,0.19186
0.00191,0.19269
0.00191,0.19352
0.00191,0.19435
0.00191,0.19518
0.00191,0.19601
0.00191,0.19684
0.00191,0.19767
0.00198,0.19767
0.00198,0.19850
0.00198,0.19934
0.00198,0.20017
0.00198,0.20100
0.00198,0.20183
0.00198,0.20266
0.00198,0.20349
0.00198,0.20432
0.00198,0.20515
0.00198,0.20598
0.00198,0.20681
0.00198,0.20764
0.00198,0.20847
0.00198,0.20930
0.00198,0.21013
0.00198,0.21096
0.00198,0.21179
0.00198,0.21262
0.00198,0.21346
0.00198,0.21429
0.00198,0.21512
0.00198,0.21595
0.00198,0.21678
0.00198,0.21761
0.00198,0.21844
0.00198,0.21927
0.00198,0.22010
0.00205,0.22010
0.00211,0.22010
0.00211,0.22093
0.00211,0.22176
0.00211,0.22259
0.00211,0.22342
0.00211,0.22425
0.00211,0.22508
0.00211,0.22591
0.00211,0.22674
0.00211,0.22757
0.00211,0.22841
0.00211,0.22924
0.00211,0.23007
0.00211,0.23090
0.00211,0.23173
0.00211,0.23256
0.00211,0.23339
0.00211,0.23422
0.00211,0.23505
0.00211,0.23588
0.00211,0.23671
0.00211,0.23754
0.00211,0.23837
0.00211,0.23920
0.00211,0.24003
0.00211,0.24086
0.00218,0.24086
0.00225,0.24086
0.00225,0.24169
0.00225,0.24252
0.00225,0.24336
0.00225,0.24419
0.00225,0.24502
0.00225,0.24585
0.00225,0.24668
0.00225,0.24751
0.00225,0.24834
0.00225,0.24917
0.00225,0.25000
0.00225,0.25083
0.00225,0.25166
0.00225,0.25249
0.00225,0.25332
0.00225,0.25415
0.00225,0.25498
0.00225,0.25581
0.00225,0.25664
0.00225,0.25748
0.00225,0.25831
0.00225,0.25914
0.00225,0.25997
0.00225,0.26080
0.00225,0.26163
0.00225,0.26246
0.00225,0.26329
0.00225,0.26412
0.00225,0.26495
0.00225,0.26578
0.00225,0.26661
0.00225,0.26744
0.00225,0.26827
0.00225,0.26910
0.00225,0.26993
0.00225,0.27076
0.00225,0.27159
0.00225,0.27243
0.00225,0.27326
0.00225,0.27409
0.00225,0.27492
0.00225,0.27575
0.00225,0.27658
0.00225,0.27741
0.00225,0.27824
0.00225,0.27907
0.00225,0.27990
0.00225,0.28073
0.00225,0.28156
0.00225,0.28239
0.00225,0.28322
0.00225,0.28405
0.00225,0.28488
0.00225,0.28571
0.00225,0.28654
0.00225,0.28738
0.00225,0.28821
0.00225,0.28904
0.00232,0.28904
0.00239,0.28904
0.00239,0.28987
0.00239,0.29070
0.00239,0.29153
0.00239,0.29236
0.00239,0.29319
0.00239,0.29402
0.00239,0.29485
0.00239,0.29568
0.00239,0.29651
0.00239,0.29734
0.00239,0.29817
0.00239,0.29900
0.00239,0.29983
0.00239,0.30066
0.00239,0.30150
0.00239,0.30233
0.00239,0.30316
0.00239,0.30399
0.00239,0.30482
0.00239,0.30565
0.00239,0.30648
0.00239,0.30731
0.00239,0.30814
0.00239,0.30897
0.00239,0.30980
0.00239,0.31063
0.00239,0.31146
0.00239,0.31229
0.00239,0.31312
0.00239,0.31395
0.00239,0.31478
0.00239,0.31561
0.00239,0.31645
0.00239,0.31728
0.00239,0.31811
0.00239,0.31894
0.00239,0.31977
0.00239,0.32060
0.00239,0.32143
0.00239,0.32226
0.00239,0.32309
0.00239,0.32392
0.00239,0.32475
0.00239,0.32558
0.00239,0.32641
0.00239,0.32724
0.00239,0.32807
0.00239,0.32890
0.00239,0.32973
0.00239,0.33056
0.00239,0.33140
0.00239,0.33223
0.00239,0.33306
0.00239,0.33389
0.00239,0.33472
0.00239,0.33555
0.00245,0.33555
0.00245,0.33638
0.00245,0.33721
0.00245,0.33804
0.00245,0.33887
0.00252,0.33887
0.00259,0.33887
0.00259,0.33970
0.00259,0.34053
0.00259,0.34136
0.00259,0.34219
0.00259,0.34302
0.00259,0.34385
0.00259,0.34468
0.00259,0.34551
0.00259,0.34635
0.00259,0.34718
0.00259,0.34801
0.00259,0.34884
0.00259,0.34967
0.00259,0.35050
0.00259,0.35133
0.00259,0.35216
0.00259,0.35299
0.00259,0.35382
0.00266,0.35382
0.00266,0.35465
0.00266,0.35548
0.00266,0.35631
0.00266,0.35714
0.00266,0.35797
0.00266,0.35880
0.00266,0.35963
0.00266,0.36047
0.00266,0.36130
0.00266,0.36213
0.00266,0.36296
0.00266,0.36379
0.00266,0.36462
0.00266,0.36545
0.00266,0.36628
0.00266,0.36711
0.00266,0.36794
0.00266,0.36877
0.00266,0.36960
0.00266,0.37043
0.00266,0.37126
0.00266,0.37209
0.00266,0.37292
0.00266,0.37375
0.00266,0.37458
0.00266,0.37542
0.00266,0.37625
0.00266,0.37708
0.00266,0.37791
0.00273,0.37791
0.00280,0.37791
0.00280,0.37874
0.00280,0.37957
0.00280,0.38040
0.00280,0.38123
0.00280,0.38206
0.00280,0.38289
0.00280,0.38372
0.00280,0.38455
0.00280,0.38538
0.00280,0.38621
0.00280,0.38704
0.00280,0.38787
0.00280,0.38870
0.00280,0.38953
0.00280,0.39037
0.00280,0.39120
0.00280,0.39203
0.00280,0.39286
0.00280,0.39369
0.00280,0.39452
0.00280,0.39535
0.00280,0.39618
0.00280,0.39701
0.00280,0.39784
0.00280,0.39867
0.00280,0.39950
0.00280,0.40033
0.00286,0.40033
0.00293,0.40033
0.00293,0.40116
0.00293,0.40199
0.00293,0.40282
0.00293,0.40365
0.00293,0.40449
0.00293,0.40532
0.00293,0.40615
0.00293,0.40698
0.00293,0.40781
0.00293,0.40864
0.00293,0.40947
0.00293,0.41030
0.00293,0.41113
0.00293,0.41196
0.00293,0.41279
0.00293,0.41362
0.00293,0.41445
0.00293,0.41528
0.00293,0.41611
0.00293,0.41694
0.00293,0.41777
0.00293,0.41860
0.00293,0.41944
0.00293,0.42027
0.00293,0.42110
0.00293,0.42193
0.00293,0.42276
0.00293,0.42359
0.00293,0.42442
0.00293,0.42525
0.00293,0.42608
0.00293,0.42691
0.00293,0.42774
0.00293,0.42857
0.00293,0.42940
0.00293,0.43023
0.00293,0.43106
0.00293,0.43189
0.00293,0.43272
0.00293,0.43355
0.00293,0.43439
0.00293,0.43522
0.00293,0.43605
0.00293,0.43688
0.00293,0.43771
0.00293,0.43854
0.00293,0.43937
0.00293,0.44020
0.00293,0.44103
0.00293,0.44186
0.00293,0.44269
0.00293,0.44352
0.00293,0.44435
0.00293,0.44518
0.00293,0.44601
0.00293,0.44684
0.00293,0.44767
0.00293,0.44850
0.00293,0.44934
0.00293,0.45017
0.00293,0.45100
0.00293,0.45183
0.00293,0.45266
0.00293,0.45349
0.00300,0.45349
0.00307,0.45349
0.00314,0.45349
0.00320,0.45349
0.00320,0.45432
0.00320,0.45515
0.00320,0.45598
0.00320,0.45681
0.00320,0.45764
0.00320,0.45847
0.00320,0.45930
0.00320,0.46013
0.00320,0.46096
0.00320,0.46179
0.00320,0.46262
0.00320,0.46346
0.00320,0.46429
0.00320,0.46512
0.00320,0.46595
0.00320,0.46678
0.00327,0.46678
0.00334,0.46678
0.00334,0.46761
0.00334,0.46844
0.00334,0.46927
0.00334,0.47010
0.00334,0.47093
0.00334,0.47176
0.00334,0.47259
0.00334,0.47342
0.00334,0.47425
0.00334,0.47508
0.00334,0.47591
0.00334,0.47674
0.00334,0.47757
0.00334,0.47841
0.00334,0.47924
0.00334,0.48007
0.00334,0.48090
0.00334,0.48173
0.00334,0.48256
0.00334,0.48339
0.00334,0.48422
0.00334,0.48505
0.00334,0.48588
0.00334,0.48671
0.00334,0.48754
0.00334,0.48837
0.00334,0.48920
0.00334,0.49003
0.00341,0.49003
0.00341,0.49086
0.00341,0.49169
0.00341,0.49252
0.00348,0.49252
0.00355,0.49252
0.00355,0.49336
0.00355,0.49419
0.00355,0.49502
0.00355,0.49585
0.00355,0.49668
0.00355,0.49751
0.00355,0.49834
0.00355,0.49917
0.00355,0.50000
0.00355,0.50083
0.00355,0.50166
0.00355,0.50249
0.00355,0.50332
0.00355,0.50415
0.00355,0.50498
0.00355,0.50581
0.00355,0.50664
0.00361,0.50664
0.00361,0.50748
0.00361,0.50831
0.00361,0.50914
0.00361,0.50997
0.00361,0.51080
0.00361,0.51163
0.00368,0.51163
0.00368,0.51246
0.00368,0.51329
0.00368,0.51412
0.00368,0.51495
0.00368,0.51578
0.00368,0.51661
0.00368,0.51744
0.00368,0.51827
0.00368,0.51910
0.00368,0.51993
0.00368,0.52076
0.00368,0.52159
0.00368,0.52243
0.00368,0.52326
0.00368,0.52409
0.00368,0.52492
0.00368,0.52575
0.00368,0.52658
0.00368,0.52741
0.00368,0.52824
0.00368,0.52907
0.00368,0.52990
0.00368,0.53073
0.00368,0.53156
0.00368,0.53239
0.00368,0.53322
0.00368,0.53405
0.00368,0.53488
0.00368,0.53571
0.00368,0.53654
0.00368,0.53738
0.00368,0.53821
0.00368,0.53904
0.00368,0.53987
0.00368,0.54070
0.00368,0.54153
0.00368,0.54236
0.00368,0.54319
0.00368,0.54402
0.00368,0.54485
0.00368,0.54568
0.00368,0.54651
0.00368,0.54734
0.00368,0.54817
0.00375,0.54817
0.00382,0.54817
0.00382,0.54900
0.00389,0.54900
0.00389,0.54983
0.00389,0.55066
0.00389,0.55150
0.00389,0.55233
0.00389,0.55316
0.00395,0.55316
0.00395,0.55399
0.00395,0.55482
0.00395,0.55565
0.00395,0.55648
0.00395,0.55731
0.00395,0.55814
0.00395,0.55897
0.00395,0.55980
0.00395,0.56063
0.00402,0.56063
0.00409,0.56063
0.00409,0.56146
0.00409,0.56229
0.00416,0.56229
0.00423,0.56229
0.00423,0.56312
0.00430,0.56312
0.00436,0.56312
0.00436,0.56395
0.00436,0.56478
0.00436,0.56561
0.00436,0.56645
0.00436,0.56728
0.00436,0.56811
0.00436,0.56894
0.00436,0.56977
0.00436,0.57060
0.00436,0.57143
0.00436,0.57226
0.00436,0.57309
0.00436,0.57392
0.00436,0.57475
0.00436,0.57558
0.00436,0.57641
0.00436,0.57724
0.00436,0.57807
0.00436,0.57890
0.00436,0.57973
0.00436,0.58056
0.00436,0.58140
0.00436,0.58223
0.00436,0.58306
0.00443,0.58306
0.00450,0.58306
0.00450,0.58389
0.00457,0.58389
0.00457,0.58472
0.00464,0.58472
0.00470,0.58472
0.00470,0.58555
0.00477,0.58555
0.00484,0.58555
0.00484,0.58638
0.00484,0.58721
0.00484,0.58804
0.00484,0.58887
0.00484,0.58970
0.00484,0.59053
0.00484,0.59136
0.00484,0.59219
0.00484,0.59302
0.00484,0.59385
0.00484,0.59468
0.00484,0.59551
0.00484,0.59635
0.00491,0.59635
0.00498,0.59635
0.00498,0.59718
0.00498,0.59801
0.00498,0.59884
0.00498,0.59967
0.00498,0.60050
0.00498,0.60133
0.00498,0.60216
0.00498,0.60299
0.00498,0.60382
0.00498,0.60465
0.00498,0.60548
0.00498,0.60631
0.00498,0.60714
0.00498,0.60797
0.00498,0.60880
0.00498,0.60963
0.00498,0.61047
0.00504,0.61047
0.00504,0.61130
0.00504,0.61213
0.00504,0.61296
0.00504,0.61379
0.00504,0.61462
0.00504,0.61545
0.00504,0.61628
0.00504,0.61711
0.00504,0.61794
0.00504,0.61877
0.00504,0.61960
0.00511,0.61960
0.00511,0.62043
0.00511,0.62126
0.00511,0.62209
0.00511,0.62292
0.00511,0.62375
0.00518,0.62375
0.00525,0.62375
0.00525,0.62458
0.00525,0.62542
0.00525,0.62625
0.00525,0.62708
0.00532,0.62708
0.00539,0.62708
0.00539,0.62791
0.00539,0.62874
0.00539,0.62957
0.00539,0.63040
0.00539,0.63123
0.00539,0.63206
0.00539,0.63289
0.00539,0.63372
0.00539,0.63455
0.00539,0.63538
0.00539,0.63621
0.00539,0.63704
0.00539,0.63787
0.00539,0.63870
0.00539,0.63953
0.00539,0.64037
0.00539,0.64120
0.00539,0.64203
0.00539,0.64286
0.00539,0.64369
0.00545,0.64369
0.00552,0.64369
0.00552,0.64452
0.00552,0.64535
0.00552,0.64618
0.00552,0.64701
0.00552,0.64784
0.00552,0.64867
0.00552,0.64950
0.00552,0.65033
0.00552,0.65116
0.00552,0.65199
0.00552,0.65282
0.00552,0.65365
0.00552,0.65449
0.00559,0.65449
0.00559,0.65532
0.00559,0.65615
0.00566,0.65615
0.00573,0.65615
0.00579,0.65615
0.00579,0.65698
0.00579,0.65781
0.00579,0.65864
0.00586,0.65864
0.00586,0.65947
0.00586,0.66030
0.00593,0.66030
0.00600,0.66030
0.00600,0.66113
0.00600,0.66196
0.00600,0.66279
0.00600,0.66362
0.00607,0.66362
0.00614,0.66362
0.00614,0.66445
0.00614,0.66528
0.00614,0.66611
0.00614,0.66694
0.00614,0.66777
0.00614,0.66860
0.00614,0.66944
0.00614,0.67027
0.00614,0.67110
0.00614,0.67193
0.00620,0.67193
0.00627,0.67193
0.00627,0.67276
0.00627,0.67359
0.00627,0.67442
0.00634,0.67442
0.00634,0.67525
0.00634,0.67608
0.00634,0.67691
0.00641,0.67691
0.00648,0.67691
0.00648,0.67774
0.00648,0.67857
0.00648,0.67940
0.00648,0.68023
0.00654,0.68023
0.00661,0.68023
0.00661,0.68106
0.00661,0.68189
0.00661,0.68272
0.00661,0.68355
0.00661,0.68439
0.00661,0.68522
0.00661,0.68605
0.00661,0.68688
0.00661,0.68771
0.00668,0.68771
0.00668,0.68854
0.00668,0.68937
0.00668,0.69020
0.00668,0.69103
0.00668,0.69186
0.00675,0.69186
0.00675,0.69269
0.00675,0.69352
0.00682,0.69352
0.00689,0.69352
0.00695,0.69352
0.00702,0.69352
0.00702,0.69435
0.00709,0.69435
0.00716,0.69435
0.00716,0.69518
0.00716,0.69601
0.00716,0.69684
0.00716,0.69767
0.00723,0.69767
0.00729,0.69767
0.00736,0.69767
0.00743,0.69767
0.00743,0.69850
0.00743,0.69934
0.00743,0.70017
0.00743,0.70100
0.00743,0.70183
0.00743,0.70266
0.00743,0.70349
0.00743,0.70432
0.00743,0.70515
0.00743,0.70598
0.00743,0.70681
0.00750,0.70681
0.00750,0.70764
0.00750,0.70847
0.00750,0.70930
0.00750,0.71013
0.00757,0.71013
0.00757,0.71096
0.00757,0.71179
0.00764,0.71179
0.00764,0.71262
0.00770,0.71262
0.00777,0.71262
0.00777,0.71346
0.00784,0.71346
0.00791,0.71346
0.00798,0.71346
0.00804,0.71346
0.00804,0.71429
0.00804,0.71512
0.00804,0.71595
0.00804,0.71678
0.00804,0.71761
0.00804,0.71844
0.00811,0.71844
0.00811,0.71927
0.00811,0.72010
0.00818,0.72010
0.00825,0.72010
0.00832,0.72010
0.00839,0.72010
0.00845,0.72010
0.00852,0.72010
0.00859,0.72010
0.00866,0.72010
0.00873,0.72010
0.00873,0.72093
0.00873,0.72176
0.00873,0.72259
0.00879,0.72259
0.00886,0.72259
0.00886,0.72342
0.00886,0.72425
0.00886,0.72508
0.00886,0.72591
0.00886,0.72674
0.00886,0.72757
0.00886,0.72841
0.00886,0.72924
0.00893,0.72924
0.00900,0.72924
0.00900,0.73007
0.00900,0.73090
0.00900,0.73173
0.00900,0.73256
0.00900,0.73339
0.00900,0.73422
0.00900,0.73505
0.00900,0.73588
0.00900,0.73671
0.00900,0.73754
0.00900,0.73837
0.00900,0.73920
0.00900,0.74003
0.00900,0.74086
0.00900,0.74169
0.00907,0.74169
0.00914,0.74169
0.00920,0.74169
0.00927,0.74169
0.00934,0.74169
0.00941,0.74169
0.00941,0.74252
0.00941,0.74336
0.00941,0.74419
0.00941,0.74502
0.00948,0.74502
0.00954,0.74502
0.00961,0.74502
0.00968,0.74502
0.00968,0.74585
0.00968,0.74668
0.00968,0.74751
0.00968,0.74834
0.00975,0.74834
0.00982,0.74834
0.00982,0.74917
0.00982,0.75000
0.00989,0.75000
0.00995,0.75000
0.00995,0.75083
0.00995,0.75166
0.01002,0.75166
0.01002,0.75249
0.01002,0.75332
0.01002,0.75415
0.01009,0.75415
0.01016,0.75415
0.01016,0.75498
0.01016,0.75581
0.01023,0.75581
0.01023,0.75664
0.01023,0.75748
0.01023,0.75831
0.01023,0.75914
0.01023,0.75997
0.01029,0.75997
0.01036,0.75997
0.01036,0.76080
0.01043,0.76080
0.01043,0.76163
0.01043,0.76246
0.01043,0.76329
0.01043,0.76412
0.01043,0.76495
0.01050,0.76495
0.01057,0.76495
0.01057,0.76578
0.01057,0.76661
0.01064,0.76661
0.01070,0.76661
0.01077,0.76661
0.01084,0.76661
0.01084,0.76744
0.01084,0.76827
0.01084,0.76910
0.01084,0.76993
0.01084,0.77076
0.01084,0.77159
0.01091,0.77159
0.01091,0.77243
0.01091,0.77326
0.01098,0.77326
0.01104,0.77326
0.01104,0.77409
0.01111,0.77409
0.01118,0.77409
0.01125,0.77409
0.01132,0.77409
0.01139,0.77409
0.01145,0.77409
0.01152,0.77409
0.01152,0.77492
0.01152,0.77575
0.01159,0.77575
0.01159,0.77658
0.01166,0.77658
0.01166,0.77741
0.01166,0.77824
0.01166,0.77907
0.01166,0.77990
0.01166,0.78073
0.01173,0.78073
0.01179,0.78073
0.01179,0.78156
0.01179,0.78239
0.01179,0.78322
0.01186,0.78322
0.01186,0.78405
0.01193,0.78405
0.01200,0.78405
0.01200,0.78488
0.01207,0.78488
0.01214,0.78488
0.01214,0.78571
0.01220,0.78571
0.01220,0.78654
0.01220,0.78738
0.01227,0.78738
0.01234,0.78738
0.01241,0.78738
0.01248,0.78738
0.01254,0.78738
0.01261,0.78738
0.01268,0.78738
0.01275,0.78738
0.01282,0.78738
0.01282,0.78821
0.01282,0.78904
0.01282,0.78987
0.01282,0.79070
0.01289,0.79070
0.01295,0.79070
0.01302,0.79070
0.01309,0.79070
0.01309,0.79153
0.01309,0.79236
0.01316,0.79236
0.01323,0.79236
0.01323,0.79319
0.01329,0.79319
0.01329,0.79402
0.01329,0.79485
0.01336,0.79485
0.01336,0.79568
0.01336,0.79651
0.01336,0.79734
0.01343,0.79734
0.01343,0.79817
0.01343,0.79900
0.01343,0.79983
0.01350,0.79983
0.01357,0.79983
0.01357,0.80066
0.01357,0.80150
0.01357,0.80233
0.01364,0.80233
0.01364,0.80316
0.01364,0.80399
0.01370,0.80399
0.01370,0.80482
0.01377,0.80482
0.01377,0.80565
0.01377,0.80648
0.01377,0.80731
0.01377,0.80814
0.01384,0.80814
0.01391,0.80814
0.01391,0.80897
0.01398,0.80897
0.01398,0.80980
0.01404,0.80980
0.01404,0.81063
0.01404,0.81146
0.01411,0.81146
0.01411,0.81229
0.01411,0.81312
0.01418,0.81312
0.01425,0.81312
0.01425,0.81395
0.01425,0.81478
0.01425,0.81561
0.01425,0.81645
0.01432,0.81645
0.01439,0.81645
0.01439,0.81728
0.01445,0.81728
0.01452,0.81728
0.01452,0.81811
0.01459,0.81811
0.01466,0.81811
0.01473,0.81811
0.01479,0.81811
0.01486,0.81811
0.01486,0.81894
0.01486,0.81977
0.01493,0.81977
0.01500,0.81977
0.01500,0.82060
0.01500,0.82143
0.01500,0.82226
0.01500,0.82309
0.01507,0.82309
0.01507,0.82392
0.01507,0.82475
0.01513,0.82475
0.01513,0.82558
0.01513,0.82641
0.01513,0.82724
0.01520,0.82724
0.01527,0.82724
0.01534,0.82724
0.01541,0.82724
0.01548,0.82724
0.01554,0.82724
0.01561,0.82724
0.01568,0.82724
0.01575,0.82724
0.01575,0.82807
0.01575,0.82890
0.01575,0.82973
0.01575,0.83056
0.01575,0.83140
0.01582,0.83140
0.01588,0.83140
0.01588,0.83223
0.01588,0.83306
0.01588,0.83389
0.01588,0.83472
0.01588,0.83555
0.01595,0.83555
0.01595,0.83638
0.01602,0.83638
0.01602,0.83721
0.01609,0.83721
0.01616,0.83721
0.01623,0.83721
0.01623,0.83804
0.01623,0.83887
0.01623,0.83970
0.01623,0.84053
0.01623,0.84136
0.01623,0.84219
0.01623,0.84302
0.01623,0.84385
0.01629,0.84385
0.01629,0.84468
0.01629,0.84551
0.01629,0.84635
0.01636,0.84635
0.01636,0.84718
0.01643,0.84718
0.01650,0.84718
0.01657,0.84718
0.01657,0.84801
0.01663,0.84801
0.01670,0.84801
0.01677,0.84801
0.01684,0.84801
0.01691,0.84801
0.01698,0.84801
0.01704,0.84801
0.01711,0.84801
0.01711,0.84884
0.01718,0.84884
0.01725,0.84884
0.01725,0.84967
0.01732,0.84967
0.01738,0.84967
0.01745,0.84967
0.01752,0.84967
0.01759,0.84967
0.01766,0.84967
0.01773,0.84967
0.01779,0.84967
0.01786,0.84967
0.01793,0.84967
0.01800,0.84967
0.01807,0.84967
0.01813,0.84967
0.01820,0.84967
0.01827,0.84967
0.01827,0.85050
0.01834,0.85050
0.01834,0.85133
0.01834,0.85216
0.01834,0.85299
0.01834,0.85382
0.01834,0.85465
0.01834,0.85548
0.01841,0.85548
0.01848,0.85548
0.01854,0.85548
0.01861,0.85548
0.01868,0.85548
0.01875,0.85548
0.01882,0.85548
0.01888,0.85548
0.01895,0.85548
0.01902,0.85548
0.01909,0.85548
0.01916,0.85548
0.01923,0.85548
0.01929,0.85548
0.01936,0.85548
0.01936,0.85631
0.01943,0.85631
0.01950,0.85631
0.01957,0.85631
0.01963,0.85631
0.01970,0.85631
0.01970,0.85714
0.01977,0.85714
0.01984,0.85714
0.01984,0.85797
0.01984,0.85880
0.01991,0.85880
0.01998,0.85880
0.01998,0.85963
0.01998,0.86047
0.01998,0.86130
0.02004,0.86130
0.02011,0.86130
0.02011,0.86213
0.02011,0.86296
0.02018,0.86296
0.02025,0.86296
0.02032,0.86296
0.02038,0.86296
0.02045,0.86296
0.02045,0.86379
0.02045,0.86462
0.02052,0.86462
0.02052,0.86545
0.02059,0.86545
0.02066,0.86545
0.02073,0.86545
0.02079,0.86545
0.02086,0.86545
0.02093,0.86545
0.02100,0.86545
0.02107,0.86545
0.02107,0.86628
0.02107,0.86711
0.02107,0.86794
0.02113,0.86794
0.02120,0.86794
0.02127,0.86794
0.02134,0.86794
0.02141,0.86794
0.02148,0.86794
0.02154,0.86794
0.02154,0.86877
0.02161,0.86877
0.02161,0.86960
0.02168,0.86960
0.02175,0.86960
0.02182,0.86960
0.02188,0.86960
0.02195,0.86960
0.02195,0.87043
0.02202,0.87043
0.02209,0.87043
0.02216,0.87043
0.02223,0.87043
0.02229,0.87043
0.02236,0.87043
0.02243,0.87043
0.02243,0.87126
0.02250,0.87126
0.02257,0.87126
0.02263,0.87126
0.02270,0.87126
0.02277,0.87126
0.02284,0.87126
0.02291,0.87126
0.02298,0.87126
0.02304,0.87126
0.02304,0.87209
0.02311,0.87209
0.02318,0.87209
0.02325,0.87209
0.02332,0.87209
0.02338,0.87209
0.02338,0.87292
0.02345,0.87292
0.02352,0.87292
0.02359,0.87292
0.02366,0.87292
0.02373,0.87292
0.02379,0.87292
0.02386,0.87292
0.02393,0.87292
0.02400,0.87292
0.02407,0.87292
0.02413,0.87292
0.02413,0.87375
0.02413,0.87458
0.02413,0.87542
0.02420,0.87542
0.02427,0.87542
0.02434,0.87542
0.02434,0.87625
0.02441,0.87625
0.02441,0.87708
0.02448,0.87708
0.02454,0.87708
0.02461,0.87708
0.02468,0.87708
0.02475,0.87708
0.02482,0.87708
0.02482,0.87791
0.02488,0.87791
0.02495,0.87791
0.02495,0.87874
0.02502,0.87874
0.02509,0.87874
0.02516,0.87874
0.02522,0.87874
0.02529,0.87874
0.02529,0.87957
0.02529,0.88040
0.02529,0.88123
0.02536,0.88123
0.02543,0.88123
0.02550,0.88123
0.02550,0.88206
0.02550,0.88289
0.02550,0.88372
0.02550,0.88455
0.02557,0.88455
0.02563,0.88455
0.02570,0.88455
0.02577,0.88455
0.02584,0.88455
0.02591,0.88455
0.02597,0.88455
0.02604,0.88455
0.02611,0.88455
0.02611,0.88538
0.02618,0.88538
0.02625,0.88538
0.02632,0.88538
0.02638,0.88538
0.02645,0.88538
0.02652,0.88538
0.02659,0.88538
0.02666,0.88538
0.02672,0.88538
0.02679,0.88538
0.02686,0.88538
0.02693,0.88538
0.02700,0.88538
0.02707,0.88538
0.02713,0.88538
0.02713,0.88621
0.02713,0.88704
0.02713,0.88787
0.02713,0.88870
0.02720,0.88870
0.02727,0.88870
0.02727,0.88953
0.02734,0.88953
0.02741,0.88953
0.02747,0.88953
0.02754,0.88953
0.02761,0.88953
0.02768,0.88953
0.02775,0.88953
0.02775,0.89037
0.02775,0.89120
0.02782,0.89120
0.02788,0.89120
0.02788,0.89203
0.02795,0.89203
0.02802,0.89203
0.02809,0.89203
0.02816,0.89203
0.02822,0.89203
0.02829,0.89203
0.02829,0.89286
0.02836,0.89286
0.02843,0.89286
0.02850,0.89286
0.02857,0.89286
0.02857,0.89369
0.02863,0.89369
0.02870,0.89369
0.02877,0.89369
0.02884,0.89369
0.02884,0.89452
0.02884,0.89535
0.02884,0.89618
0.02891,0.89618
0.02897,0.89618
0.02904,0.89618
0.02911,0.89618
0.02918,0.89618
0.02925,0.89618
0.02932,0.89618
0.02938,0.89618
0.02945,0.89618
0.02952,0.89618
0.02959,0.89618
0.02966,0.89618
0.02966,0.89701
0.02972,0.89701
0.02972,0.89784
0.02972,0.89867
0.02979,0.89867
0.02986,0.89867
0.02993,0.89867
0.02993,0.89950
0.03000,0.89950
0.03007,0.89950
0.03013,0.89950
0.03020,0.89950
0.03027,0.89950
0.03034,0.89950
0.03041,0.89950
0.03047,0.89950
0.03054,0.89950
0.03054,0.90033
0.03061,0.90033
0.03068,0.90033
0.03075,0.90033
0.03082,0.90033
0.03088,0.90033
0.03088,0.90116
0.03095,0.90116
0.03102,0.90116
0.03109,0.90116
0.03116,0.90116
0.03122,0.90116
0.03129,0.90116
0.03136,0.90116
0.03143,0.90116
0.03150,0.90116
0.03157,0.90116
0.03163,0.90116
0.03170,0.90116
0.03177,0.90116
0.03184,0.90116
0.03184,0.90199
0.03191,0.90199
0.03197,0.90199
0.03204,0.90199
0.03204,0.90282
0.03204,0.90365
0.03211,0.90365
0.03218,0.90365
0.03225,0.90365
0.03225,0.90449
0.03225,0.90532
0.03232,0.90532
0.03238,0.90532
0.03245,0.90532
0.03252,0.90532
0.03259,0.90532
0.03266,0.90532
0.03272,0.90532
0.03279,0.90532
0.03286,0.90532
0.03286,0.90615
0.03293,0.90615
0.03300,0.90615
0.03307,0.90615
0.03313,0.90615
0.03320,0.90615
0.03327,0.90615
0.03327,0.90698
0.03327,0.90781
0.03334,0.90781
0.03341,0.90781
0.03341,0.90864
0.03347,0.90864
0.03354,0.90864
0.03354,0.90947
0.03361,0.90947
0.03361,0.91030
0.03368,0.91030
0.03375,0.91030
0.03382,0.91030
0.03388,0.91030
0.03395,0.91030
0.03402,0.91030
0.03409,0.91030
0.03416,0.91030
0.03422,0.91030
0.03429,0.91030
0.03436,0.91030
0.03443,0.91030
0.03450,0.91030
0.03457,0.91030
0.03463,0.91030
0.03470,0.91030
0.03477,0.91030
0.03484,0.91030
0.03484,0.91113
0.03484,0.91196
0.03491,0.91196
0.03497,0.91196
0.03504,0.91196
0.03511,0.91196
0.03518,0.91196
0.03525,0.91196
0.03531,0.91196
0.03538,0.91196
0.03538,0.91279
0.03545,0.91279
0.03552,0.91279
0.03552,0.91362
0.03559,0.91362
0.03566,0.91362
0.03572,0.91362
0.03579,0.91362
0.03586,0.91362
0.03593,0.91362
0.03600,0.91362
0.03606,0.91362
0.03613,0.91362
0.03613,0.91445
0.03620,0.91445
0.03627,0.91445
0.03634,0.91445
0.03641,0.91445
0.03647,0.91445
0.03654,0.91445
0.03661,0.91445
0.03668,0.91445
0.03675,0.91445
0.03681,0.91445
0.03688,0.91445
0.03695,0.91445
0.03702,0.91445
0.03709,0.91445
0.03716,0.91445
0.03722,0.91445
0.03729,0.91445
0.03736,0.91445
0.03743,0.91445
0.03750,0.91445
0.03756,0.91445
0.03763,0.91445
0.03770,0.91445
0.03777,0.91445
0.03784,0.91445
0.03791,0.91445
0.03797,0.91445
0.03804,0.91445
0.03811,0.91445
0.03818,0.91445
0.03825,0.91445
0.03831,0.91445
0.03831,0.91528
0.03838,0.91528
0.03845,0.91528
0.03852,0.91528
0.03859,0.91528
0.03866,0.91528
0.03872,0.91528
0.03872,0.91611
0.03879,0.91611
0.03886,0.91611
0.03886,0.91694
0.03893,0.91694
0.03900,0.91694
0.03906,0.91694
0.03913,0.91694
0.03920,0.91694
0.03927,0.91694
0.03934,0.91694
0.03941,0.91694
0.03947,0.91694
0.03954,0.91694
0.03961,0.91694
0.03968,0.91694
0.03975,0.91694
0.03981,0.91694
0.03988,0.91694
0.03995,0.91694
0.03995,0.91777
0.04002,0.91777
0.04009,0.91777
0.04016,0.91777
0.04022,0.91777
0.04029,0.91777
0.04036,0.91777
0.04043,0.91777
0.04050,0.91777
0.04056,0.91777
0.04063,0.91777
0.04070,0.91777
0.04077,0.91777
0.04084,0.91777
0.04091,0.91777
0.04097,0.91777
0.04104,0.91777
0.04111,0.91777
0.04118,0.91777
0.04118,0.91860
0.04125,0.91860
0.04131,0.91860
0.04138,0.91860
0.04145,0.91860
0.04152,0.91860
0.04159,0.91860
0.04166,0.91860
0.04172,0.91860
0.04179,0.91860
0.04186,0.91860
0.04193,0.91860
0.04200,0.91860
0.04200,0.91944
0.04206,0.91944
0.04213,0.91944
0.04213,0.92027
0.04220,0.92027
0.04227,0.92027
0.04234,0.92027
0.04241,0.92027
0.04247,0.92027
0.04254,0.92027
0.04261,0.92027
0.04268,0.92027
0.04275,0.92027
0.04281,0.92027
0.04288,0.92027
0.04295,0.92027
0.04302,0.92027
0.04302,0.92110
0.04309,0.92110
0.04316,0.92110
0.04322,0.92110
0.04329,0.92110
0.04336,0.92110
0.04336,0.92193
0.04343,0.92193
0.04350,0.92193
0.04356,0.92193
0.04363,0.92193
0.04370,0.92193
0.04377,0.92193
0.04377,0.92276
0.04384,0.92276
0.04391,0.92276
0.04391,0.92359
0.04397,0.92359
0.04404,0.92359
0.04404,0.92442
0.04411,0.92442
0.04418,0.92442
0.04425,0.92442
0.04431,0.92442
0.04438,0.92442
0.04445,0.92442
0.04452,0.92442
0.04459,0.92442
0.04466,0.92442
0.04472,0.92442
0.04472,0.92525
0.04479,0.92525
0.04479,0.92608
0.04486,0.92608
0.04493,0.92608
0.04500,0.92608
0.04506,0.92608
0.04513,0.92608
0.04520,0.92608
0.04520,0.92691
0.04527,0.92691
0.04534,0.92691
0.04540,0.92691
0.04540,0.92774
0.04547,0.92774
0.04547,0.92857
0.04554,0.92857
0.04561,0.92857
0.04568,0.92857
0.04575,0.92857
0.04581,0.92857
0.04588,0.92857
0.04595,0.92857
0.04602,0.92857
0.04609,0.92857
0.04615,0.92857
0.04622,0.92857
0.04629,0.92857
0.04636,0.92857
0.04636,0.92940
0.04643,0.92940
0.04650,0.92940
0.04656,0.92940
0.04663,0.92940
0.04670,0.92940
0.04677,0.92940
0.04684,0.92940
0.04690,0.92940
0.04697,0.92940
0.04704,0.92940
0.04711,0.92940
0.04718,0.92940
0.04725,0.92940
0.04731,0.92940
0.04738,0.92940
0.04745,0.92940
0.04745,0.93023
0.04752,0.93023
0.04759,0.93023
0.04765,0.93023
0.04772,0.93023
0.04779,0.93023
0.04786,0.93023
0.04793,0.93023
0.04800,0.93023
0.04806,0.93023
0.04813,0.93023
0.04820,0.93023
0.04827,0.93023
0.04834,0.93023
0.04840,0.93023
0.04847,0.93023
0.04854,0.93023
0.04861,0.93023
0.04868,0.93023
0.04875,0.93023
0.04881,0.93023
0.04888,0.93023
0.04895,0.93023
0.04902,0.93023
0.04909,0.93023
0.04915,0.93023
0.04922,0.93023
0.04929,0.93023
0.04936,0.93023
0.04936,0.93106
0.04943,0.93106
0.04950,0.93106
0.04956,0.93106
0.04963,0.93106
0.04970,0.93106
0.04977,0.93106
0.04984,0.93106
0.04990,0.93106
0.04997,0.93106
0.05004,0.93106
0.05011,0.93106
0.05018,0.93106
0.05025,0.93106
0.05031,0.93106
0.05038,0.93106
0.05045,0.93106
0.05052,0.93106
0.05059,0.93106
0.05065,0.93106
0.05072,0.93106
0.05079,0.93106
0.05086,0.93106
0.05093,0.93106
0.05100,0.93106
0.05106,0.93106
0.05113,0.93106
0.05120,0.93106
0.05127,0.93106
0.05134,0.93106
0.05140,0.93106
0.05147,0.93106
0.05154,0.93106
0.05161,0.93106
0.05168,0.93106
0.05175,0.93106
0.05181,0.93106
0.05188,0.93106
0.05195,0.93106
0.05202,0.93106
0.05209,0.93106
0.05215,0.93106
0.05222,0.93106
0.05229,0.93106
0.05236,0.93106
0.05243,0.93106
0.05250,0.93106
0.05256,0.93106
0.05256,0.93189
0.05263,0.93189
0.05270,0.93189
0.05277,0.93189
0.05284,0.93189
0.05290,0.93189
0.05297,0.93189
0.05304,0.93189
0.05311,0.93189
0.05318,0.93189
0.05325,0.93189
0.05331,0.93189
0.05338,0.93189
0.05345,0.93189
0.05352,0.93189
0.05359,0.93189
0.05365,0.93189
0.05372,0.93189
0.05379,0.93189
0.05386,0.93189
0.05393,0.93189
0.05400,0.93189
0.05406,0.93189
0.05413,0.93189
0.05420,0.93189
0.05427,0.93189
0.05434,0.93189
0.05440,0.93189
0.05447,0.93189
0.05454,0.93189
0.05461,0.93189
0.05468,0.93189
0.05475,0.93189
0.05481,0.93189
0.05488,0.93189
0.05495,0.93189
0.05502,0.93189
0.05509,0.93189
0.05515,0.93189
0.05522,0.93189
0.05529,0.93189
0.05536,0.93189
0.05543,0.93189
0.05549,0.93189
0.05556,0.93189
0.05563,0.93189
0.05570,0.93189
0.05577,0.93189
0.05584,0.93189
0.05590,0.93189
0.05597,0.93189
0.05604,0.93189
0.05611,0.93189
0.05618,0.93189
0.05624,0.93189
0.05631,0.93189
0.05638,0.93189
0.05645,0.93189
0.05652,0.93189
0.05659,0.93189
0.05665,0.93189
0.05672,0.93189
0.05679,0.93189
0.05686,0.93189
0.05693,0.93189
0.05699,0.93189
0.05706,0.93189
0.05713,0.93189
0.05720,0.93189
0.05727,0.93189
0.05734,0.93189
0.05740,0.93189
0.05747,0.93189
0.05754,0.93189
0.05761,0.93189
0.05768,0.93189
0.05774,0.93189
0.05781,0.93189
0.05788,0.93189
0.05795,0.93189
0.05802,0.93189
0.05809,0.93189
0.05815,0.93189
0.05822,0.93189
0.05829,0.93189
0.05836,0.93189
0.05836,0.93272
0.05836,0.93355
0.05843,0.93355
0.05849,0.93355
0.05856,0.93355
0.05863,0.93355
0.05870,0.93355
0.05877,0.93355
0.05884,0.93355
0.05890,0.93355
0.05897,0.93355
0.05904,0.93355
0.05911,0.93355
0.05918,0.93355
0.05924,0.93355
0.05931,0.93355
0.05938,0.93355
0.05945,0.93355
0.05945,0.93439
0.05952,0.93439
0.05959,0.93439
0.05965,0.93439
0.05972,0.93439
0.05979,0.93439
0.05986,0.93439
0.05993,0.93439
0.05999,0.93439
0.06006,0.93439
0.06013,0.93439
0.06020,0.93439
0.06027,0.93439
0.06034,0.93439
0.06040,0.93439
0.06047,0.93439
0.06054,0.93439
0.06061,0.93439
0.06068,0.93439
0.06068,0.93522
0.06074,0.93522
0.06081,0.93522
0.06088,0.93522
0.06095,0.93522
0.06102,0.93522
0.06109,0.93522
0.06115,0.93522
0.06122,0.93522
0.06129,0.93522
0.06136,0.93522
0.06143,0.93522
0.06149,0.93522
0.06156,0.93522
0.06163,0.93522
0.06170,0.93522
0.06177,0.93522
0.06184,0.93522
0.06190,0.93522
0.06197,0.93522
0.06204,0.93522
0.06211,0.93522
0.06218,0.93522
0.06224,0.93522
0.06231,0.93522
0.06238,0.93522
0.06245,0.93522
0.06252,0.93522
0.06259,0.93522
0.06265,0.93522
0.06272,0.93522
0.06279,0.93522
0.06286,0.93522
0.06293,0.93522
0.06299,0.93522
0.06306,0.93522
0.06313,0.93522
0.06320,0.93522
0.06327,0.93522
0.06334,0.93522
0.06340,0.93522
0.06347,0.93522
0.06354,0.93522
0.06361,0.93522
0.06368,0.93522
0.06374,0.93522
0.06381,0.93522
0.06388,0.93522
0.06395,0.93522
0.06402,0.93522
0.06409,0.93522
0.06415,0.93522
0.06422,0.93522
0.06429,0.93522
0.06436,0.93522
0.06436,0.93605
0.06443,0.93605
0.06449,0.93605
0.06456,0.93605
0.06456,0.93688
0.06463,0.93688
0.06470,0.93688
0.06477,0.93688
0.06484,0.93688
0.06490,0.93688
0.06497,0.93688
0.06504,0.93688
0.06511,0.93688
0.06518,0.93688
0.06524,0.93688
0.06524,0.93771
0.06531,0.93771
0.06538,0.93771
0.06545,0.93771
0.06552,0.93771
0.06558,0.93771
0.06565,0.93771
0.06572,0.93771
0.06572,0.93854
0.06579,0.93854
0.06586,0.93854
0.06593,0.93854
0.06599,0.93854
0.06606,0.93854
0.06613,0.93854
0.06620,0.93854
0.06627,0.93854
0.06633,0.93854
0.06640,0.93854
0.06647,0.93854
0.06654,0.93854
0.06661,0.93854
0.06668,0.93854
0.06674,0.93854
0.06681,0.93854
0.06688,0.93854
0.06695,0.93854
0.06702,0.93854
0.06708,0.93854
0.06715,0.93854
0.06722,0.93854
0.06729,0.93854
0.06736,0.93854
0.06743,0.93854
0.06749,0.93854
0.06756,0.93854
0.06763,0.93854
0.06770,0.93854
0.06777,0.93854
0.06783,0.93854
0.06783,0.93937
0.06783,0.94020
0.06783,0.94103
0.06790,0.94103
0.06797,0.94103
0.06804,0.94103
0.06811,0.94103
0.06818,0.94103
0.06824,0.94103
0.06831,0.94103
0.06838,0.94103
0.06845,0.94103
0.06852,0.94103
0.06858,0.94103
0.06865,0.94103
0.06872,0.94103
0.06879,0.94103
0.06886,0.94103
0.06893,0.94103
0.06899,0.94103
0.06899,0.94186
0.06906,0.94186
0.06913,0.94186
0.06920,0.94186
0.06927,0.94186
0.06933,0.94186
0.06940,0.94186
0.06947,0.94186
0.06954,0.94186
0.06961,0.94186
0.06968,0.94186
0.06974,0.94186
0.06981,0.94186
0.06988,0.94186
0.06988,0.94269
0.06995,0.94269
0.07002,0.94269
0.07008,0.94269
0.07015,0.94269
0.07022,0.94269
0.07029,0.94269
0.07036,0.94269
0.07043,0.94269
0.07049,0.94269
0.07056,0.94269
0.07063,0.94269
0.07070,0.94269
0.07077,0.94269
0.07083,0.94269
0.07090,0.94269
0.07097,0.94269
0.07104,0.94269
0.07111,0.94269
0.07118,0.94269
0.07124,0.94269
0.07131,0.94269
0.07131,0.94352
0.07138,0.94352
0.07145,0.94352
0.07152,0.94352
0.07158,0.94352
0.07165,0.94352
0.07172,0.94352
0.07179,0.94352
0.07186,0.94352
0.07193,0.94352
0.07199,0.94352
0.07206,0.94352
0.07206,0.94435
0.07213,0.94435
0.07213,0.94518
0.07220,0.94518
0.07227,0.94518
0.07233,0.94518
0.07240,0.94518
0.07247,0.94518
0.07254,0.94518
0.07261,0.94518
0.07268,0.94518
0.07274,0.94518
0.07281,0.94518
0.07288,0.94518
0.07295,0.94518
0.07302,0.94518
0.07308,0.94518
0.07315,0.94518
0.07322,0.94518
0.07329,0.94518
0.07336,0.94518
0.07343,0.94518
0.07349,0.94518
0.07356,0.94518
0.07363,0.94518
0.07370,0.94518
0.07377,0.94518
0.07383,0.94518
0.07390,0.94518
0.07397,0.94518
0.07404,0.94518
0.07411,0.94518
0.07418,0.94518
0.07424,0.94518
0.07431,0.94518
0.07438,0.94518
0.07445,0.94518
0.07452,0.94518
0.07458,0.94518
0.07458,0.94601
0.07465,0.94601
0.07472,0.94601
0.07479,0.94601
0.07486,0.94601
0.07493,0.94601
0.07499,0.94601
0.07506,0.94601
0.07513,0.94601
0.07520,0.94601
0.07527,0.94601
0.07533,0.94601
0.07540,0.94601
0.07547,0.94601
0.07554,0.94601
0.07554,0.94684
0.07561,0.94684
0.07567,0.94684
0.07574,0.94684
0.07581,0.94684
0.07588,0.94684
0.07595,0.94684
0.07602,0.94684
0.07608,0.94684
0.07615,0.94684
0.07622,0.94684
0.07629,0.94684
0.07636,0.94684
0.07642,0.94684
0.07649,0.94684
0.07656,0.94684
0.07663,0.94684
0.07670,0.94684
0.07677,0.94684
0.07683,0.94684
0.07690,0.94684
0.07697,0.94684
0.07704,0.94684
0.07711,0.94684
0.07717,0.94684
0.07724,0.94684
0.07731,0.94684
0.07738,0.94684
0.07745,0.94684
0.07752,0.94684
0.07758,0.94684
0.07765,0.94684
0.07772,0.94684
0.07779,0.94684
0.07786,0.94684
0.07792,0.94684
0.07799,0.94684
0.07806,0.94684
0.07813,0.94684
0.07820,0.94684
0.07827,0.94684
0.07833,0.94684
0.07840,0.94684
0.07847,0.94684
0.07854,0.94684
0.07861,0.94684
0.07867,0.94684
0.07874,0.94684
0.07874,0.94767
0.07881,0.94767
0.07888,0.94767
0.07888,0.94850
0.07895,0.94850
0.07902,0.94850
0.07908,0.94850
0.07915,0.94850
0.07922,0.94850
0.07929,0.94850
0.07936,0.94850
0.07942,0.94850
0.07949,0.94850
0.07956,0.94850
0.07963,0.94850
0.07970,0.94850
0.07977,0.94850
0.07983,0.94850
0.07990,0.94850
0.07997,0.94850
0.08004,0.94850
0.08011,0.94850
0.08017,0.94850
0.08024,0.94850
0.08031,0.94850
0.08038,0.94850
0.08045,0.94850
0.08052,0.94850
0.08058,0.94850
0.08065,0.94850
0.08072,0.94850
0.08079,0.94850
0.08086,0.94850
0.08092,0.94850
0.08092,0.94934
0.08099,0.94934
0.08106,0.94934
0.08113,0.94934
0.08120,0.94934
0.08127,0.94934
0.08133,0.94934
0.08140,0.94934
0.08147,0.94934
0.08154,0.94934
0.08161,0.94934
0.08167,0.94934
0.08174,0.94934
0.08181,0.94934
0.08188,0.94934
0.08195,0.94934
0.08202,0.94934
0.08208,0.94934
0.08208,0.95017
0.08215,0.95017
0.08222,0.95017
0.08229,0.95017
0.08236,0.95017
0.08242,0.95017
0.08249,0.95017
0.08256,0.95017
0.08263,0.95017
0.08270,0.95017
0.08277,0.95017
0.08283,0.95017
0.08290,0.95017
0.08297,0.95017
0.08304,0.95017
0.08311,0.95017
0.08317,0.95017
0.08324,0.95017
0.08331,0.95017
0.08338,0.95017
0.08345,0.95017
0.08352,0.95017
0.08358,0.95017
0.08365,0.95017
0.08372,0.95017
0.08379,0.95017
0.08386,0.95017
0.08392,0.95017
0.08399,0.95017
0.08406,0.95017
0.08413,0.95017
0.08420,0.95017
0.08427,0.95017
0.08433,0.95017
0.08440,0.95017
0.08447,0.95017
0.08454,0.95017
0.08461,0.95017
0.08467,0.95017
0.08474,0.95017
0.08481,0.95017
0.08488,0.95017
0.08495,0.95017
0.08501,0.95017
0.08508,0.95017
0.08515,0.95017
0.08522,0.95017
0.08529,0.95017
0.08536,0.95017
0.08542,0.95017
0.08549,0.95017
0.08556,0.95017
0.08563,0.95017
0.08570,0.95017
0.08576,0.95017
0.08583,0.95017
0.08590,0.95017
0.08597,0.95017
0.08604,0.95017
0.08611,0.95017
0.08617,0.95017
0.08624,0.95017
0.08631,0.95017
0.08638,0.95017
0.08645,0.95017
0.08651,0.95017
0.08658,0.95017
0.08665,0.95017
0.08672,0.95017
0.08679,0.95017
0.08686,0.95017
0.08692,0.95017
0.08699,0.95017
0.08706,0.95017
0.08713,0.95017
0.08720,0.95017
0.08726,0.95017
0.08733,0.95017
0.08740,0.95017
0.08747,0.95017
0.08754,0.95017
0.08761,0.95017
0.08767,0.95017
0.08774,0.95017
0.08781,0.95017
0.08788,0.95017
0.08795,0.95017
0.08801,0.95017
0.08808,0.95017
0.08815,0.95017
0.08822,0.95017
0.08829,0.95017
0.08836,0.95017
0.08842,0.95017
0.08849,0.95017
0.08856,0.95017
0.08863,0.95017
0.08870,0.95017
0.08876,0.95017
0.08883,0.95017
0.08890,0.95017
0.08897,0.95017
0.08904,0.95017
0.08911,0.95017
0.08917,0.95017
0.08924,0.95017
0.08931,0.95017
0.08938,0.95017
0.08945,0.95017
0.08951,0.95017
0.08958,0.95017
0.08965,0.95017
0.08972,0.95017
0.08972,0.95100
0.08979,0.95100
0.08986,0.95100
0.08992,0.95100
0.08999,0.95100
0.08999,0.95183
0.09006,0.95183
0.09013,0.95183
0.09020,0.95183
0.09026,0.95183
0.09033,0.95183
0.09040,0.95183
0.09047,0.95183
0.09054,0.95183
0.09061,0.95183
0.09061,0.95266
0.09061,0.95349
0.09067,0.95349
0.09074,0.95349
0.09081,0.95349
0.09088,0.95349
0.09095,0.95349
0.09101,0.95349
0.09108,0.95349
0.09115,0.95349
0.09122,0.95349
0.09129,0.95349
0.09136,0.95349
0.09142,0.95349
0.09149,0.95349
0.09156,0.95349
0.09163,0.95349
0.09170,0.95349
0.09176,0.95349
0.09183,0.95349
0.09190,0.95349
0.09197,0.95349
0.09204,0.95349
0.09211,0.95349
0.09217,0.95349
0.09224,0.95349
0.09231,0.95349
0.09238,0.95349
0.09238,0.95432
0.09245,0.95432
0.09251,0.95432
0.09258,0.95432
0.09265,0.95432
0.09272,0.95432
0.09279,0.95432
0.09286,0.95432
0.09292,0.95432
0.09299,0.95432
0.09306,0.95432
0.09313,0.95432
0.09320,0.95432
0.09326,0.95432
0.09333,0.95432
0.09340,0.95432
0.09347,0.95432
0.09354,0.95432
0.09361,0.95432
0.09367,0.95432
0.09374,0.95432
0.09381,0.95432
0.09388,0.95432
0.09395,0.95432
0.09401,0.95432
0.09408,0.95432
0.09415,0.95432
0.09422,0.95432
0.09429,0.95432
0.09436,0.95432
0.09442,0.95432
0.09449,0.95432
0.09456,0.95432
0.09463,0.95432
0.09470,0.95432
0.09476,0.95432
0.09483,0.95432
0.09490,0.95432
0.09497,0.95432
0.09504,0.95432
0.09510,0.95432
0.09517,0.95432
0.09524,0.95432
0.09531,0.95432
0.09538,0.95432
0.09545,0.95432
0.09551,0.95432
0.09551,0.95515
0.09558,0.95515
0.09565,0.95515
0.09572,0.95515
0.09579,0.95515
0.09585,0.95515
0.09592,0.95515
0.09599,0.95515
0.09606,0.95515
0.09613,0.95515
0.09620,0.95515
0.09626,0.95515
0.09633,0.95515
0.09640,0.95515
0.09647,0.95515
0.09654,0.95515
0.09660,0.95515
0.09667,0.95515
0.09674,0.95515
0.09681,0.95515
0.09688,0.95515
0.09695,0.95515
0.09701,0.95515
0.09708,0.95515
0.09715,0.95515
0.09722,0.95515
0.09729,0.95515
0.09735,0.95515
0.09735,0.95598
0.09742,0.95598
0.09749,0.95598
0.09756,0.95598
0.09763,0.95598
0.09770,0.95598
0.09776,0.95598
0.09783,0.95598
0.09790,0.95598
0.09797,0.95598
0.09804,0.95598
0.09810,0.95598
0.09817,0.95598
0.09824,0.95598
0.09831,0.95598
0.09838,0.95598
0.09845,0.95598
0.09851,0.95598
0.09858,0.95598
0.09865,0.95598
0.09872,0.95598
0.09879,0.95598
0.09885,0.95598
0.09892,0.95598
0.09899,0.95598
0.09906,0.95598
0.09913,0.95598
0.09920,0.95598
0.09926,0.95598
0.09933,0.95598
0.09940,0.95598
0.09947,0.95598
0.09954,0.95598
0.09960,0.95598
0.09967,0.95598
0.09974,0.95598
0.09981,0.95598
0.09988,0.95598
0.09995,0.95598
0.10001,0.95598
0.10008,0.95598
0.10015,0.95598
0.10022,0.95598
0.10029,0.95598
0.10035,0.95598
0.10042,0.95598
0.10049,0.95598
0.10056,0.95598
0.10063,0.95598
0.10070,0.95598
0.10076,0.95598
0.10083,0.95598
0.10090,0.95598
0.10090,0.95681
0.10097,0.95681
0.10104,0.95681
0.10110,0.95681
0.10117,0.95681
0.10124,0.95681
0.10131,0.95681
0.10138,0.95681
0.10145,0.95681
0.10151,0.95681
0.10158,0.95681
0.10158,0.95764
0.10165,0.95764
0.10172,0.95764
0.10179,0.95764
0.10185,0.95764
0.10192,0.95764
0.10199,0.95764
0.10206,0.95764
0.10213,0.95764
0.10220,0.95764
0.10226,0.95764
0.10233,0.95764
0.10240,0.95764
0.10247,0.95764
0.10254,0.95764
0.10260,0.95764
0.10267,0.95764
0.10274,0.95764
0.10281,0.95764
0.10288,0.95764
0.10295,0.95764
0.10301,0.95764
0.10308,0.95764
0.10315,0.95764
0.10322,0.95764
0.10329,0.95764
0.10335,0.95764
0.10342,0.95764
0.10349,0.95764
0.10356,0.95764
0.10363,0.95764
0.10370,0.95764
0.10376,0.95764
0.10383,0.95764
0.10390,0.95764
0.10397,0.95764
0.10404,0.95764
0.10410,0.95764
0.10417,0.95764
0.10424,0.95764
0.10431,0.95764
0.10438,0.95764
0.10445,0.95764
0.10451,0.95764
0.10458,0.95764
0.10465,0.95764
0.10472,0.95764
0.10479,0.95764
0.10485,0.95764
0.10492,0.95764
0.10499,0.95764
0.10506,0.95764
0.10513,0.95764
0.10519,0.95764
0.10526,0.95764
0.10533,0.95764
0.10540,0.95764
0.10547,0.95764
0.10554,0.95764
0.10560,0.95764
0.10567,0.95764
0.10574,0.95764
0.10581,0.95764
0.10588,0.95764
0.10594,0.95764
0.10601,0.95764
0.10608,0.95764
0.10615,0.95764
0.10622,0.95764
0.10629,0.95764
0.10635,0.95764
0.10642,0.95764
0.10649,0.95764
0.10656,0.95764
0.10663,0.95764
0.10669,0.95764
0.10669,0.95847
0.10669,0.95930
0.10676,0.95930
0.10683,0.95930
0.10690,0.95930
0.10697,0.95930
0.10704,0.95930
0.10710,0.95930
0.10717,0.95930
0.10724,0.95930
0.10731,0.95930
0.10738,0.95930
0.10744,0.95930
0.10751,0.95930
0.10758,0.95930
0.10765,0.95930
0.10772,0.95930
0.10779,0.95930
0.10785,0.95930
0.10792,0.95930
0.10799,0.95930
0.10806,0.95930
0.10813,0.95930
0.10819,0.95930
0.10826,0.95930
0.10833,0.95930
0.10840,0.95930
0.10847,0.95930
0.10854,0.95930
0.10860,0.95930
0.10867,0.95930
0.10874,0.95930
0.10881,0.95930
0.10888,0.95930
0.10894,0.95930
0.10901,0.95930
0.10908,0.95930
0.10915,0.95930
0.10922,0.95930
0.10929,0.95930
0.10935,0.95930
0.10942,0.95930
0.10949,0.95930
0.10956,0.95930
0.10963,0.95930
0.10969,0.95930
0.10976,0.95930
0.10983,0.95930
0.10990,0.95930
0.10997,0.95930
0.11004,0.95930
0.11010,0.95930
0.11017,0.95930
0.11024,0.95930
0.11031,0.95930
0.11038,0.95930
0.11044,0.95930
0.11051,0.95930
0.11058,0.95930
0.11065,0.95930
0.11072,0.95930
0.11079,0.95930
0.11085,0.95930
0.11092,0.95930
0.11099,0.95930
0.11106,0.95930
0.11113,0.95930
0.11119,0.95930
0.11126,0.95930
0.11133,0.95930
0.11140,0.95930
0.11147,0.95930
0.11154,0.95930
0.11160,0.95930
0.11167,0.95930
0.11174,0.95930
0.11181,0.95930
0.11188,0.95930
0.11194,0.95930
0.11194,0.96013
0.11201,0.96013
0.11208,0.96013
0.11215,0.96013
0.11222,0.96013
0.11229,0.96013
0.11235,0.96013
0.11242,0.96013
0.11249,0.96013
0.11256,0.96013
0.11263,0.96013
0.11269,0.96013
0.11276,0.96013
0.11283,0.96013
0.11290,0.96013
0.11297,0.96013
0.11304,0.96013
0.11310,0.96013
0.11317,0.96013
0.11324,0.96013
0.11331,0.96013
0.11338,0.96013
0.11344,0.96013
0.11351,0.96013
0.11358,0.96013
0.11365,0.96013
0.11372,0.96013
0.11379,0.96013
0.11385,0.96013
0.11392,0.96013
0.11399,0.96013
0.11406,0.96013
0.11413,0.96013
0.11419,0.96013
0.11426,0.96013
0.11433,0.96013
0.11440,0.96013
0.11447,0.96013
0.11454,0.96013
0.11460,0.96013
0.11467,0.96013
0.11474,0.96013
0.11481,0.96013
0.11488,0.96013
0.11494,0.96013
0.11501,0.96013
0.11508,0.96013
0.11515,0.96013
0.11522,0.96013
0.11528,0.96013
0.11535,0.96013
0.11542,0.96013
0.11549,0.96013
0.11556,0.96013
0.11563,0.96013
0.11569,0.96013
0.11576,0.96013
0.11583,0.96013
0.11590,0.96013
0.11597,0.96013
0.11603,0.96013
0.11610,0.96013
0.11617,0.96013
0.11624,0.96013
0.11624,0.96096
0.11631,0.96096
0.11638,0.96096
0.11644,0.96096
0.11651,0.96096
0.11658,0.96096
0.11665,0.96096
0.11672,0.96096
0.11678,0.96096
0.11678,0.96179
0.11685,0.96179
0.11692,0.96179
0.11699,0.96179
0.11706,0.96179
0.11713,0.96179
0.11719,0.96179
0.11726,0.96179
0.11733,0.96179
0.11740,0.96179
0.11747,0.96179
0.11753,0.96179
0.11760,0.96179
0.11767,0.96179
0.11774,0.96179
0.11781,0.96179
0.11788,0.96179
0.11794,0.96179
0.11801,0.96179
0.11808,0.96179
0.11815,0.96179
0.11822,0.96179
0.11828,0.96179
0.11835,0.96179
0.11842,0.96179
0.11849,0.96179
0.11856,0.96179
0.11863,0.96179
0.11869,0.96179
0.11876,0.96179
0.11883,0.96179
0.11890,0.96179
0.11897,0.96179
0.11903,0.96179
0.11910,0.96179
0.11917,0.96179
0.11924,0.96179
0.11931,0.96179
0.11938,0.96179
0.11944,0.96179
0.11944,0.96262
0.11944,0.96346
0.11951,0.96346
0.11958,0.96346
0.11958,0.96429
0.11965,0.96429
0.11972,0.96429
0.11978,0.96429
0.11985,0.96429
0.11992,0.96429
0.11999,0.96429
0.12006,0.96429
0.12013,0.96429
0.12019,0.96429
0.12026,0.96429
0.12026,0.96512
0.12033,0.96512
0.12040,0.96512
0.12047,0.96512
0.12053,0.96512
0.12060,0.96512
0.12067,0.96512
0.12067,0.96595
0.12074,0.96595
0.12081,0.96595
0.12088,0.96595
0.12094,0.96595
0.12101,0.96595
0.12108,0.96595
0.12115,0.96595
0.12122,0.96595
0.12128,0.96595
0.12135,0.96595
0.12142,0.96595
0.12149,0.96595
0.12156,0.96595
0.12163,0.96595
0.12169,0.96595
0.12176,0.96595
0.12183,0.96595
0.12190,0.96595
0.12197,0.96595
0.12203,0.96595
0.12210,0.96595
0.12217,0.96595
0.12224,0.96595
0.12231,0.96595
0.12238,0.96595
0.12244,0.96595
0.12251,0.96595
0.12258,0.96595
0.12265,0.96595
0.12272,0.96595
0.12278,0.96595
0.12285,0.96595
0.12292,0.96595
0.12299,0.96595
0.12306,0.96595
0.12313,0.96595
0.12319,0.96595
0.12326,0.96595
0.12333,0.96595
0.12340,0.96595
0.12347,0.96595
0.12353,0.96595
0.12360,0.96595
0.12367,0.96595
0.12374,0.96595
0.12381,0.96595
0.12388,0.96595
0.12394,0.96595
0.12401,0.96595
0.12408,0.96595
0.12408,0.96678
0.12415,0.96678
0.12422,0.96678
0.12428,0.96678
0.12435,0.96678
0.12442,0.96678
0.12449,0.96678
0.12456,0.96678
0.12463,0.96678
0.12469,0.96678
0.12476,0.96678
0.12483,0.96678
0.12490,0.96678
0.12497,0.96678
0.12503,0.96678
0.12510,0.96678
0.12517,0.96678
0.12524,0.96678
0.12531,0.96678
0.12537,0.96678
0.12544,0.96678
0.12551,0.96678
0.12558,0.96678
0.12565,0.96678
0.12572,0.96678
0.12578,0.96678
0.12578,0.96761
0.12585,0.96761
0.12592,0.96761
0.12599,0.96761
0.12606,0.96761
0.12612,0.96761
0.12619,0.96761
0.12626,0.96761
0.12633,0.96761
0.12640,0.96761
0.12647,0.96761
0.12653,0.96761
0.12660,0.96761
0.12667,0.96761
0.12674,0.96761
0.12681,0.96761
0.12687,0.96761
0.12694,0.96761
0.12701,0.96761
0.12708,0.96761
0.12715,0.96761
0.12722,0.96761
0.12728,0.96761
0.12735,0.96761
0.12742,0.96761
0.12749,0.96761
0.12756,0.96761
0.12762,0.96761
0.12769,0.96761
0.12776,0.96761
0.12783,0.96761
0.12790,0.96761
0.12797,0.96761
0.12803,0.96761
0.12810,0.96761
0.12817,0.96761
0.12824,0.96761
0.12831,0.96761
0.12837,0.96761
0.12844,0.96761
0.12851,0.96761
0.12858,0.96761
0.12865,0.96761
0.12872,0.96761
0.12878,0.96761
0.12885,0.96761
0.12892,0.96761
0.12899,0.96761
0.12906,0.96761
0.12912,0.96761
0.12919,0.96761
0.12926,0.96761
0.12933,0.96761
0.12940,0.96761
0.12947,0.96761
0.12953,0.96761
0.12960,0.96761
0.12967,0.96761
0.12974,0.96761
0.12981,0.96761
0.12981,0.96844
0.12987,0.96844
0.12994,0.96844
0.13001,0.96844
0.13008,0.96844
0.13015,0.96844
0.13022,0.96844
0.13028,0.96844
0.13035,0.96844
0.13042,0.96844
0.13049,0.96844
0.13056,0.96844
0.13062,0.96844
0.13069,0.96844
0.13076,0.96844
0.13083,0.96844
0.13090,0.96844
0.13097,0.96844
0.13103,0.96844
0.13110,0.96844
0.13117,0.96844
0.13124,0.96844
0.13131,0.96844
0.13137,0.96844
0.13144,0.96844
0.13151,0.96844
0.13158,0.96844
0.13165,0.96844
0.13172,0.96844
0.13178,0.96844
0.13185,0.96844
0.13192,0.96844
0.13199,0.96844
0.13206,0.96844
0.13212,0.96844
0.13219,0.96844
0.13226,0.96844
0.13226,0.96927
0.13233,0.96927
0.13240,0.96927
0.13247,0.96927
0.13253,0.96927
0.13260,0.96927
0.13267,0.96927
0.13274,0.96927
0.13281,0.96927
0.13287,0.96927
0.13294,0.96927
0.13301,0.96927
0.13308,0.96927
0.13315,0.96927
0.13322,0.96927
0.13328,0.96927
0.13335,0.96927
0.13342,0.96927
0.13349,0.96927
0.13356,0.96927
0.13362,0.96927
0.13369,0.96927
0.13376,0.96927
0.13383,0.96927
0.13390,0.96927
0.13397,0.96927
0.13403,0.96927
0.13410,0.96927
0.13417,0.96927
0.13424,0.96927
0.13431,0.96927
0.13437,0.96927
0.13444,0.96927
0.13451,0.96927
0.13458,0.96927
0.13465,0.96927
0.13472,0.96927
0.13478,0.96927
0.13485,0.96927
0.13492,0.96927
0.13499,0.96927
0.13506,0.96927
0.13512,0.96927
0.13519,0.96927
0.13526,0.96927
0.13533,0.96927
0.13540,0.96927
0.13546,0.96927
0.13553,0.96927
0.13560,0.96927
0.13567,0.96927
0.13574,0.96927
0.13581,0.96927
0.13587,0.96927
0.13594,0.96927
0.13601,0.96927
0.13608,0.96927
0.13615,0.96927
0.13621,0.96927
0.13628,0.96927
0.13635,0.96927
0.13642,0.96927
0.13649,0.96927
0.13656,0.96927
0.13662,0.96927
0.13669,0.96927
0.13676,0.96927
0.13683,0.96927
0.13690,0.96927
0.13696,0.96927
0.13703,0.96927
0.13710,0.96927
0.13717,0.96927
0.13724,0.96927
0.13731,0.96927
0.13737,0.96927
0.13744,0.96927
0.13751,0.96927
0.13758,0.96927
0.13765,0.96927
0.13771,0.96927
0.13778,0.96927
0.13785,0.96927
0.13792,0.96927
0.13799,0.96927
0.13806,0.96927
0.13812,0.96927
0.13819,0.96927
0.13826,0.96927
0.13833,0.96927
0.13840,0.96927
0.13840,0.97010
0.13846,0.97010
0.13853,0.97010
0.13860,0.97010
0.13867,0.97010
0.13874,0.97010
0.13881,0.97010
0.13887,0.97010
0.13894,0.97010
0.13901,0.97010
0.13908,0.97010
0.13915,0.97010
0.13921,0.97010
0.13928,0.97010
0.13935,0.97010
0.13942,0.97010
0.13949,0.97010
0.13956,0.97010
0.13962,0.97010
0.13969,0.97010
0.13976,0.97010
0.13983,0.97010
0.13990,0.97010
0.13996,0.97010
0.14003,0.97010
0.14010,0.97010
0.14017,0.97010
0.14024,0.97010
0.14031,0.97010
0.14037,0.97010
0.14044,0.97010
0.14051,0.97010
0.14058,0.97010
0.14065,0.97010
0.14071,0.97010
0.14078,0.97010
0.14085,0.97010
0.14092,0.97010
0.14099,0.97010
0.14106,0.97010
0.14112,0.97010
0.14119,0.97010
0.14126,0.97010
0.14133,0.97010
0.14140,0.97010
0.14146,0.97010
0.14153,0.97010
0.14160,0.97010
0.14167,0.97010
0.14174,0.97010
0.14174,0.97093
0.14181,0.97093
0.14187,0.97093
0.14194,0.97093
0.14201,0.97093
0.14208,0.97093
0.14215,0.97093
0.14221,0.97093
0.14228,0.97093
0.14235,0.97093
0.14242,0.97093
0.14249,0.97093
0.14256,0.97093
0.14262,0.97093
0.14269,0.97093
0.14276,0.97093
0.14283,0.97093
0.14290,0.97093
0.14296,0.97093
0.14303,0.97093
0.14310,0.97093
0.14317,0.97093
0.14324,0.97093
0.14331,0.97093
0.14337,0.97093
0.14344,0.97093
0.14351,0.97093
0.14358,0.97093
0.14365,0.97093
0.14371,0.97093
0.14378,0.97093
0.14385,0.97093
0.14392,0.97093
0.14399,0.97093
0.14406,0.97093
0.14412,0.97093
0.14419,0.97093
0.14426,0.97093
0.14433,0.97093
0.14440,0.97093
0.14446,0.97093
0.14453,0.97093
0.14453,0.97176
0.14460,0.97176
0.14467,0.97176
0.14474,0.97176
0.14481,0.97176
0.14487,0.97176
0.14494,0.97176
0.14501,0.97176
0.14508,0.97176
0.14515,0.97176
0.14521,0.97176
0.14528,0.97176
0.14535,0.97176
0.14542,0.97176
0.14549,0.97176
0.14555,0.97176
0.14562,0.97176
0.14569,0.97176
0.14576,0.97176
0.14583,0.97176
0.14590,0.97176
0.14596,0.97176
0.14603,0.97176
0.14603,0.97259
0.14610,0.97259
0.14617,0.97259
0.14624,0.97259
0.14630,0.97259
0.14637,0.97259
0.14644,0.97259
0.14651,0.97259
0.14658,0.97259
0.14665,0.97259
0.14671,0.97259
0.14678,0.97259
0.14685,0.97259
0.14692,0.97259
0.14699,0.97259
0.14705,0.97259
0.14712,0.97259
0.14719,0.97259
0.14726,0.97259
0.14733,0.97259
0.14740,0.97259
0.14746,0.97259
0.14753,0.97259
0.14760,0.97259
0.14767,0.97259
0.14774,0.97259
0.14780,0.97259
0.14787,0.97259
0.14794,0.97259
0.14801,0.97259
0.14808,0.97259
0.14815,0.97259
0.14821,0.97259
0.14828,0.97259
0.14835,0.97259
0.14842,0.97259
0.14849,0.97259
0.14855,0.97259
0.14862,0.97259
0.14869,0.97259
0.14876,0.97259
0.14883,0.97259
0.14890,0.97259
0.14896,0.97259
0.14903,0.97259
0.14910,0.97259
0.14917,0.97259
0.14924,0.97259
0.14930,0.97259
0.14937,0.97259
0.14944,0.97259
0.14951,0.97259
0.14958,0.97259
0.14965,0.97259
0.14971,0.97259
0.14971,0.97342
0.14978,0.97342
0.14985,0.97342
0.14992,0.97342
0.14999,0.97342
0.15005,0.97342
0.15012,0.97342
0.15019,0.97342
0.15026,0.97342
0.15033,0.97342
0.15040,0.97342
0.15046,0.97342
0.15053,0.97342
0.15060,0.97342
0.15067,0.97342
0.15074,0.97342
0.15080,0.97342
0.15087,0.97342
0.15094,0.97342
0.15101,0.97342
0.15108,0.97342
0.15115,0.97342
0.15121,0.97342
0.15128,0.97342
0.15135,0.97342
0.15142,0.97342
0.15149,0.97342
0.15155,0.97342
0.15162,0.97342
0.15169,0.97342
0.15176,0.97342
0.15183,0.97342
0.15190,0.97342
0.15196,0.97342
0.15203,0.97342
0.15210,0.97342
0.15217,0.97342
0.15224,0.97342
0.15230,0.97342
0.15237,0.97342
0.15244,0.97342
0.15251,0.97342
0.15258,0.97342
0.15265,0.97342
0.15271,0.97342
0.15278,0.97342
0.15285,0.97342
0.15292,0.97342
0.15299,0.97342
0.15305,0.97342
0.15312,0.97342
0.15319,0.97342
0.15326,0.97342
0.15333,0.97342
0.15340,0.97342
0.15346,0.97342
0.15353,0.97342
0.15360,0.97342
0.15367,0.97342
0.15374,0.97342
0.15380,0.97342
0.15387,0.97342
0.15394,0.97342
0.15401,0.97342
0.15408,0.97342
0.15415,0.97342
0.15421,0.97342
0.15428,0.97342
0.15435,0.97342
0.15442,0.97342
0.15449,0.97342
0.15455,0.97342
0.15462,0.97342
0.15469,0.97342
0.15476,0.97342
0.15483,0.97342
0.15490,0.97342
0.15496,0.97342
0.15503,0.97342
0.15510,0.97342
0.15517,0.97342
0.15524,0.97342
0.15530,0.97342
0.15537,0.97342
0.15544,0.97342
0.15551,0.97342
0.15558,0.97342
0.15564,0.97342
0.15571,0.97342
0.15578,0.97342
0.15585,0.97342
0.15592,0.97342
0.15599,0.97342
0.15605,0.97342
0.15612,0.97342
0.15619,0.97342
0.15626,0.97342
0.15633,0.97342
0.15639,0.97342
0.15646,0.97342
0.15653,0.97342
0.15660,0.97342
0.15667,0.97342
0.15674,0.97342
0.15680,0.97342
0.15687,0.97342
0.15694,0.97342
0.15701,0.97342
0.15708,0.97342
0.15714,0.97342
0.15721,0.97342
0.15728,0.97342
0.15735,0.97342
0.15742,0.97342
0.15749,0.97342
0.15755,0.97342
0.15762,0.97342
0.15769,0.97342
0.15776,0.97342
0.15783,0.97342
0.15789,0.97342
0.15796,0.97342
0.15803,0.97342
0.15810,0.97342
0.15817,0.97342
0.15824,0.97342
0.15830,0.97342
0.15837,0.97342
0.15844,0.97342
0.15851,0.97342
0.15858,0.97342
0.15864,0.97342
0.15871,0.97342
0.15878,0.97342
0.15885,0.97342
0.15892,0.97342
0.15899,0.97342
0.15905,0.97342
0.15912,0.97342
0.15919,0.97342
0.15926,0.97342
0.15933,0.97342
0.15939,0.97342
0.15946,0.97342
0.15953,0.97342
0.15960,0.97342
0.15967,0.97342
0.15974,0.97342
0.15980,0.97342
0.15987,0.97342
0.15994,0.97342
0.16001,0.97342
0.16008,0.97342
0.16014,0.97342
0.16021,0.97342
0.16028,0.97342
0.16035,0.97342
0.16042,0.97342
0.16049,0.97342
0.16055,0.97342
0.16062,0.97342
0.16069,0.97342
0.16076,0.97342
0.16083,0.97342
0.16089,0.97342
0.16096,0.97342
0.16103,0.97342
0.16110,0.97342
0.16117,0.97342
0.16124,0.97342
0.16130,0.97342
0.16137,0.97342
0.16144,0.97342
0.16151,0.97342
0.16158,0.97342
0.16164,0.97342
0.16171,0.97342
0.16178,0.97342
0.16185,0.97342
0.16192,0.97342
0.16199,0.97342
0.16205,0.97342
0.16212,0.97342
0.16219,0.97342
0.16226,0.97342
0.16233,0.97342
0.16239,0.97342
0.16246,0.97342
0.16253,0.97342
0.16260,0.97342
0.16267,0.97342
0.16267,0.97425
0.16274,0.97425
0.16280,0.97425
0.16287,0.97425
0.16294,0.97425
0.16301,0.97425
0.16308,0.97425
0.16314,0.97425
0.16321,0.97425
0.16328,0.97425
0.16335,0.97425
0.16342,0.97425
0.16349,0.97425
0.16355,0.97425
0.16362,0.97425
0.16369,0.97425
0.16376,0.97425
0.16383,0.97425
0.16389,0.97425
0.16396,0.97425
0.16403,0.97425
0.16410,0.97425
0.16417,0.97425
0.16424,0.97425
0.16430,0.97425
0.16437,0.97425
0.16444,0.97425
0.16451,0.97425
0.16458,0.97425
0.16464,0.97425
0.16471,0.97425
0.16478,0.97425
0.16485,0.97425
0.16492,0.97425
0.16499,0.97425
0.16505,0.97425
0.16512,0.97425
0.16519,0.97425
0.16526,0.97425
0.16533,0.97425
0.16539,0.97425
0.16546,0.97425
0.16553,0.97425
0.16560,0.97425
0.16567,0.97425
0.16573,0.97425
0.16580,0.97425
0.16587,0.97425
0.16594,0.97425
0.16601,0.97425
0.16608,0.97425
0.16614,0.97425
0.16621,0.97425
0.16628,0.97425
0.16635,0.97425
0.16642,0.97425
0.16648,0.97425
0.16655,0.97425
0.16662,0.97425
0.16669,0.97425
0.16676,0.97425
0.16683,0.97425
0.16689,0.97425
0.16696,0.97425
0.16703,0.97425
0.16710,0.97425
0.16717,0.97425
0.16723,0.97425
0.16730,0.97425
0.16737,0.97425
0.16744,0.97425
0.16751,0.97425
0.16758,0.97425
0.16764,0.97425
0.16771,0.97425
0.16778,0.97425
0.16785,0.97425
0.16792,0.97425
0.16798,0.97425
0.16805,0.97425
0.16812,0.97425
0.16819,0.97425
0.16826,0.97425
0.16833,0.97425
0.16839,0.97425
0.16846,0.97425
0.16853,0.97425
0.16860,0.97425
0.16867,0.97425
0.16873,0.97425
0.16880,0.97425
0.16887,0.97425
0.16894,0.97425
0.16901,0.97425
0.16908,0.97425
0.16914,0.97425
0.16921,0.97425
0.16921,0.97508
0.16928,0.97508
0.16935,0.97508
0.16942,0.97508
0.16948,0.97508
0.16955,0.97508
0.16962,0.97508
0.16969,0.97508
0.16976,0.97508
0.16983,0.97508
0.16989,0.97508
0.16996,0.97508
0.17003,0.97508
0.17010,0.97508
0.17017,0.97508
0.17023,0.97508
0.17030,0.97508
0.17037,0.97508
0.17044,0.97508
0.17051,0.97508
0.17058,0.97508
0.17064,0.97508
0.17071,0.97508
0.17078,0.97508
0.17085,0.97508
0.17092,0.97508
0.17098,0.97508
0.17105,0.97508
0.17112,0.97508
0.17119,0.97508
0.17126,0.97508
0.17133,0.97508
0.17139,0.97508
0.17146,0.97508
0.17153,0.97508
0.17160,0.97508
0.17167,0.97508
0.17173,0.97508
0.17180,0.97508
0.17187,0.97508
0.17194,0.97508
0.17201,0.97508
0.17208,0.97508
0.17214,0.97508
0.17221,0.97508
0.17228,0.97508
0.17235,0.97508
0.17242,0.97508
0.17248,0.97508
0.17255,0.97508
0.17262,0.97508
0.17269,0.97508
0.17276,0.97508
0.17283,0.97508
0.17289,0.97508
0.17296,0.97508
0.17303,0.97508
0.17310,0.97508
0.17317,0.97508
0.17323,0.97508
0.17330,0.97508
0.17337,0.97508
0.17344,0.97508
0.17351,0.97508
0.17358,0.97508
0.17364,0.97508
0.17371,0.97508
0.17378,0.97508
0.17385,0.97508
0.17392,0.97508
0.17398,0.97508
0.17405,0.97508
0.17412,0.97508
0.17419,0.97508
0.17426,0.97508
0.17433,0.97508
0.17439,0.97508
0.17446,0.97508
0.17453,0.97508
0.17460,0.97508
0.17467,0.97508
0.17473,0.97508
0.17480,0.97508
0.17487,0.97508
0.17494,0.97508
0.17501,0.97508
0.17507,0.97508
0.17514,0.97508
0.17521,0.97508
0.17528,0.97508
0.17535,0.97508
0.17542,0.97508
0.17548,0.97508
0.17555,0.97508
0.17562,0.97508
0.17569,0.97508
0.17569,0.97591
0.17576,0.97591
0.17582,0.97591
0.17589,0.97591
0.17596,0.97591
0.17603,0.97591
0.17610,0.97591
0.17617,0.97591
0.17623,0.97591
0.17630,0.97591
0.17637,0.97591
0.17644,0.97591
0.17651,0.97591
0.17657,0.97591
0.17664,0.97591
0.17671,0.97591
0.17678,0.97591
0.17685,0.97591
0.17692,0.97591
0.17698,0.97591
0.17705,0.97591
0.17712,0.97591
0.17719,0.97591
0.17726,0.97591
0.17732,0.97591
0.17739,0.97591
0.17746,0.97591
0.17753,0.97591
0.17760,0.97591
0.17767,0.97591
0.17773,0.97591
0.17780,0.97591
0.17787,0.97591
0.17794,0.97591
0.17801,0.97591
0.17807,0.97591
0.17814,0.97591
0.17821,0.97591
0.17828,0.97591
0.17835,0.97591
0.17842,0.97591
0.17848,0.97591
0.17855,0.97591
0.17862,0.97591
0.17869,0.97591
0.17876,0.97591
0.17882,0.97591
0.17889,0.97591
0.17896,0.97591
0.17903,0.97591
0.17910,0.97591
0.17917,0.97591
0.17923,0.97591
0.17930,0.97591
0.17937,0.97591
0.17944,0.97591
0.17951,0.97591
0.17957,0.97591
0.17964,0.97591
0.17971,0.97591
0.17978,0.97591
0.17985,0.97591
0.17992,0.97591
0.17998,0.97591
0.18005,0.97591
0.18012,0.97591
0.18019,0.97591
0.18026,0.97591
0.18032,0.97591
0.18039,0.97591
0.18046,0.97591
0.18053,0.97591
0.18060,0.97591
0.18067,0.97591
0.18073,0.97591
0.18080,0.97591
0.18087,0.97591
0.18094,0.97591
0.18101,0.97591
0.18107,0.97591
0.18114,0.97591
0.18121,0.97591
0.18128,0.97591
0.18135,0.97591
0.18142,0.97591
0.18148,0.97591
0.18155,0.97591
0.18162,0.97591
0.18169,0.97591
0.18176,0.97591
0.18182,0.97591
0.18189,0.97591
0.18196,0.97591
0.18203,0.97591
0.18210,0.97591
0.18217,0.97591
0.18223,0.97591
0.18230,0.97591
0.18237,0.97591
0.18244,0.97591
0.18251,0.97591
0.18257,0.97591
0.18264,0.97591
0.18271,0.97591
0.18278,0.97591
0.18285,0.97591
0.18292,0.97591
0.18298,0.97591
0.18305,0.97591
0.18312,0.97591
0.18319,0.97591
0.18326,0.97591
0.18332,0.97591
0.18339,0.97591
0.18346,0.97591
0.18353,0.97591
0.18360,0.97591
0.18367,0.97591
0.18373,0.97591
0.18380,0.97591
0.18387,0.97591
0.18394,0.97591
0.18401,0.97591
0.18407,0.97591
0.18414,0.97591
0.18421,0.97591
0.18428,0.97591
0.18435,0.97591
0.18442,0.97591
0.18448,0.97591
0.18455,0.97591
0.18462,0.97591
0.18469,0.97591
0.18476,0.97591
0.18482,0.97591
0.18489,0.97591
0.18496,0.97591
0.18503,0.97591
0.18510,0.97591
0.18516,0.97591
0.18523,0.97591
0.18530,0.97591
0.18537,0.97591
0.18544,0.97591
0.18551,0.97591
0.18557,0.97591
0.18564,0.97591
0.18571,0.97591
0.18578,0.97591
0.18585,0.97591
0.18591,0.97591
0.18598,0.97591
0.18605,0.97591
0.18612,0.97591
0.18619,0.97591
0.18626,0.97591
0.18632,0.97591
0.18639,0.97591
0.18646,0.97591
0.18653,0.97591
0.18660,0.97591
0.18666,0.97591
0.18673,0.97591
0.18680,0.97591
0.18687,0.97591
0.18694,0.97591
0.18701,0.97591
0.18707,0.97591
0.18714,0.97591
0.18721,0.97591
0.18728,0.97591
0.18735,0.97591
0.18741,0.97591
0.18748,0.97591
0.18755,0.97591
0.18762,0.97591
0.18769,0.97591
0.18776,0.97591
0.18782,0.97591
0.18789,0.97591
0.18796,0.97591
0.18803,0.97591
0.18810,0.97591
0.18816,0.97591
0.18823,0.97591
0.18830,0.97591
0.18837,0.97591
0.18844,0.97591
0.18851,0.97591
0.18857,0.97591
0.18864,0.97591
0.18871,0.97591
0.18878,0.97591
0.18885,0.97591
0.18891,0.97591
0.18898,0.97591
0.18905,0.97591
0.18912,0.97591
0.18919,0.97591
0.18926,0.97591
0.18932,0.97591
0.18939,0.97591
0.18946,0.97591
0.18953,0.97591
0.18960,0.97591
0.18966,0.97591
0.18973,0.97591
0.18980,0.97591
0.18987,0.97591
0.18994,0.97591
0.19001,0.97591
0.19007,0.97591
0.19014,0.97591
0.19021,0.97591
0.19028,0.97591
0.19035,0.97591
0.19041,0.97591
0.19048,0.97591
0.19055,0.97591
0.19062,0.97591
0.19069,0.97591
0.19076,0.97591
0.19082,0.97591
0.19089,0.97591
0.19096,0.97591
0.19103,0.97591
0.19110,0.97591
0.19116,0.97591
0.19123,0.97591
0.19130,0.97591
0.19137,0.97591
0.19144,0.97591
0.19151,0.97591
0.19157,0.97591
0.19164,0.97591
0.19171,0.97591
0.19178,0.97591
0.19185,0.97591
0.19191,0.97591
0.19198,0.97591
0.19205,0.97591
0.19212,0.97591
0.19219,0.97591
0.19226,0.97591
0.19232,0.97591
0.19239,0.97591
0.19246,0.97591
0.19253,0.97591
0.19260,0.97591
0.19266,0.97591
0.19273,0.97591
0.19280,0.97591
0.19287,0.97591
0.19294,0.97591
0.19301,0.97591
0.19307,0.97591
0.19314,0.97591
0.19321,0.97591
0.19328,0.97591
0.19335,0.97591
0.19341,0.97591
0.19348,0.97591
0.19355,0.97591
0.19362,0.97591
0.19369,0.97591
0.19376,0.97591
0.19382,0.97591
0.19389,0.97591
0.19396,0.97591
0.19403,0.97591
0.19410,0.97591
0.19416,0.97591
0.19423,0.97591
0.19430,0.97591
0.19437,0.97591
0.19444,0.97591
0.19451,0.97591
0.19457,0.97591
0.19464,0.97591
0.19471,0.97591
0.19478,0.97591
0.19485,0.97591
0.19491,0.97591
0.19498,0.97591
0.19505,0.97591
0.19512,0.97591
0.19519,0.97591
0.19525,0.97591
0.19532,0.97591
0.19539,0.97591
0.19546,0.97591
0.19553,0.97591
0.19560,0.97591
0.19566,0.97591
0.19573,0.97591
0.19580,0.97591
0.19587,0.97591
0.19594,0.97591
0.19600,0.97591
0.19607,0.97591
0.19614,0.97591
0.19621,0.97591
0.19628,0.97591
0.19635,0.97591
0.19641,0.97591
0.19648,0.97591
0.19655,0.97591
0.19662,0.97591
0.19669,0.97591
0.19675,0.97591
0.19682,0.97591
0.19689,0.97591
0.19696,0.97591
0.19703,0.97591
0.19710,0.97591
0.19716,0.97591
0.19723,0.97591
0.19730,0.97591
0.19737,0.97591
0.19744,0.97591
0.19750,0.97591
0.19757,0.97591
0.19764,0.97591
0.19771,0.97591
0.19778,0.97591
0.19785,0.97591
0.19791,0.97591
0.19798,0.97591
0.19805,0.97591
0.19812,0.97591
0.19819,0.97591
0.19825,0.97591
0.19832,0.97591
0.19839,0.97591
0.19846,0.97591
0.19853,0.97591
0.19860,0.97591
0.19866,0.97591
0.19873,0.97591
0.19880,0.97591
0.19887,0.97591
0.19894,0.97591
0.19900,0.97591
0.19907,0.97591
0.19914,0.97591
0.19921,0.97591
0.19928,0.97591
0.19935,0.97591
0.19941,0.97591
0.19948,0.97591
0.19955,0.97591
0.19962,0.97591
0.19969,0.97591
0.19975,0.97591
0.19982,0.97591
0.19989,0.97591
0.19996,0.97591
0.20003,0.97591
0.20010,0.97591
0.20016,0.97591
0.20023,0.97591
0.20030,0.97591
0.20037,0.97591
0.20044,0.97591
0.20050,0.97591
0.20057,0.97591
0.20064,0.97591
0.20071,0.97591
0.20078,0.97591
0.20085,0.97591
0.20091,0.97591
0.20098,0.97591
0.20105,0.97591
0.20112,0.97591
0.20119,0.97591
0.20125,0.97591
0.20132,0.97591
0.20139,0.97591
0.20146,0.97591
0.20153,0.97591
0.20160,0.97591
0.20166,0.97591
0.20173,0.97591
0.20180,0.97591
0.20187,0.97591
0.20194,0.97591
0.20200,0.97591
0.20207,0.97591
0.20214,0.97591
0.20221,0.97591
0.20228,0.97591
0.20235,0.97591
0.20241,0.97591
0.20248,0.97591
0.20255,0.97591
0.20262,0.97591
0.20269,0.97591
0.20275,0.97591
0.20282,0.97591
0.20289,0.97591
0.20296,0.97591
0.20303,0.97591
0.20310,0.97591
0.20316,0.97591
0.20323,0.97591
0.20330,0.97591
0.20337,0.97591
0.20344,0.97591
0.20350,0.97591
0.20357,0.97591
0.20364,0.97591
0.20371,0.97591
0.20378,0.97591
0.20385,0.97591
0.20391,0.97591
0.20398,0.97591
0.20405,0.97591
0.20412,0.97591
0.20419,0.97591
0.20425,0.97591
0.20432,0.97591
0.20439,0.97591
0.20446,0.97591
0.20453,0.97591
0.20460,0.97591
0.20466,0.97591
0.20473,0.97591
0.20480,0.97591
0.20487,0.97591
0.20494,0.97591
0.20500,0.97591
0.20507,0.97591
0.20514,0.97591
0.20521,0.97591
0.20528,0.97591
0.20534,0.97591
0.20541,0.97591
0.20548,0.97591
0.20555,0.97591
0.20562,0.97591
0.20569,0.97591
0.20575,0.97591
0.20582,0.97591
0.20589,0.97591
0.20596,0.97591
0.20603,0.97591
0.20609,0.97591
0.20616,0.97591
0.20623,0.97591
0.20630,0.97591
0.20637,0.97591
0.20644,0.97591
0.20650,0.97591
0.20657,0.97591
0.20664,0.97591
0.20671,0.97591
0.20678,0.97591
0.20684,0.97591
0.20691,0.97591
0.20698,0.97591
0.20705,0.97591
0.20712,0.97591
0.20719,0.97591
0.20725,0.97591
0.20732,0.97591
0.20739,0.97591
0.20746,0.97591
0.20753,0.97591
0.20759,0.97591
0.20766,0.97591
0.20773,0.97591
0.20780,0.97591
0.20787,0.97591
0.20794,0.97591
0.20800,0.97591
0.20807,0.97591
0.20814,0.97591
0.20821,0.97591
0.20828,0.97591
0.20834,0.97591
0.20841,0.97591
0.20848,0.97591
0.20855,0.97591
0.20862,0.97591
0.20869,0.97591
0.20875,0.97591
0.20882,0.97591
0.20889,0.97591
0.20896,0.97591
0.20903,0.97591
0.20909,0.97591
0.20916,0.97591
0.20923,0.97591
0.20930,0.97591
0.20937,0.97591
0.20944,0.97591
0.20950,0.97591
0.20957,0.97591
0.20964,0.97591
0.20971,0.97591
0.20978,0.97591
0.20984,0.97591
0.20991,0.97591
0.20998,0.97591
0.21005,0.97591
0.21012,0.97591
0.21019,0.97591
0.21025,0.97591
0.21032,0.97591
0.21039,0.97591
0.21046,0.97591
0.21053,0.97591
0.21059,0.97591
0.21066,0.97591
0.21073,0.97591
0.21080,0.97591
0.21087,0.97591
0.21094,0.97591
0.21100,0.97591
0.21107,0.97591
0.21114,0.97591
0.21121,0.97591
0.21128,0.97591
0.21134,0.97591
0.21141,0.97591
0.21148,0.97591
0.21155,0.97591
0.21162,0.97591
0.21169,0.97591
0.21175,0.97591
0.21182,0.97591
0.21189,0.97591
0.21196,0.97591
0.21203,0.97591
0.21209,0.97591
0.21216,0.97591
0.21223,0.97591
0.21230,0.97591
0.21237,0.97591
0.21244,0.97591
0.21250,0.97591
0.21257,0.97591
0.21264,0.97591
0.21271,0.97591
0.21278,0.97591
0.21284,0.97591
0.21291,0.97591
0.21298,0.97591
0.21305,0.97591
0.21312,0.97591
0.21319,0.97591
0.21325,0.97591
0.21332,0.97591
0.21339,0.97591
0.21346,0.97591
0.21353,0.97591
0.21359,0.97591
0.21366,0.97591
0.21373,0.97591
0.21380,0.97591
0.21387,0.97591
0.21394,0.97591
0.21400,0.97591
0.21407,0.97591
0.21414,0.97591
0.21421,0.97591
0.21428,0.97591
0.21434,0.97591
0.21441,0.97591
0.21448,0.97591
0.21455,0.97591
0.21462,0.97591
0.21469,0.97591
0.21475,0.97591
0.21482,0.97591
0.21489,0.97591
0.21496,0.97591
0.21503,0.97591
0.21509,0.97591
0.21516,0.97591
0.21523,0.97591
0.21530,0.97591
0.21537,0.97591
0.21543,0.97591
0.21550,0.97591
0.21557,0.97591
0.21564,0.97591
0.21571,0.97591
0.21578,0.97591
0.21584,0.97591
0.21591,0.97591
0.21598,0.97591
0.21605,0.97591
0.21612,0.97591
0.21618,0.97591
0.21625,0.97591
0.21632,0.97591
0.21639,0.97591
0.21646,0.97591
0.21653,0.97591
0.21659,0.97591
0.21666,0.97591
0.21673,0.97591
0.21680,0.97591
0.21687,0.97591
0.21693,0.97591
0.21700,0.97591
0.21707,0.97591
0.21714,0.97591
0.21721,0.97591
0.21728,0.97591
0.21734,0.97591
0.21741,0.97591
0.21748,0.97591
0.21755,0.97591
0.21762,0.97591
0.21768,0.97591
0.21775,0.97591
0.21782,0.97591
0.21789,0.97591
0.21796,0.97591
0.21803,0.97591
0.21809,0.97591
0.21816,0.97591
0.21823,0.97591
0.21830,0.97591
0.21837,0.97591
0.21843,0.97591
0.21850,0.97591
0.21857,0.97591
0.21864,0.97591
0.21871,0.97591
0.21878,0.97591
0.21884,0.97591
0.21891,0.97591
0.21898,0.97591
0.21905,0.97591
0.21912,0.97591
0.21918,0.97591
0.21925,0.97591
0.21932,0.97591
0.21939,0.97591
0.21946,0.97591
0.21953,0.97591
0.21959,0.97591
0.21966,0.97591
0.21973,0.97591
0.21980,0.97591
0.21987,0.97591
0.21993,0.97591
0.22000,0.97591
0.22007,0.97591
0.22014,0.97591
0.22021,0.97591
0.22028,0.97591
0.22034,0.97591
0.22041,0.97591
0.22048,0.97591
0.22055,0.97591
0.22062,0.97591
0.22068,0.97591
0.22075,0.97591
0.22082,0.97591
0.22089,0.97591
0.22096,0.97591
0.22103,0.97591
0.22109,0.97591
0.22116,0.97591
0.22123,0.97591
0.22130,0.97591
0.22137,0.97591
0.22143,0.97591
0.22150,0.97591
0.22157,0.97591
0.22164,0.97591
0.22171,0.97591
0.22178,0.97591
0.22184,0.97591
0.22191,0.97591
0.22198,0.97591
0.22205,0.97591
0.22212,0.97591
0.22218,0.97591
0.22225,0.97591
0.22232,0.97591
0.22239,0.97591
0.22246,0.97591
0.22253,0.97591
0.22259,0.97591
0.22266,0.97591
0.22273,0.97591
0.22280,0.97591
0.22287,0.97591
0.22293,0.97591
0.22300,0.97591
0.22307,0.97591
0.22314,0.97591
0.22321,0.97591
0.22328,0.97591
0.22334,0.97591
0.22341,0.97591
0.22348,0.97591
0.22355,0.97591
0.22362,0.97591
0.22368,0.97591
0.22375,0.97591
0.22382,0.97591
0.22389,0.97591
0.22396,0.97591
0.22403,0.97591
0.22409,0.97591
0.22416,0.97591
0.22423,0.97591
0.22430,0.97591
0.22437,0.97591
0.22443,0.97591
0.22450,0.97591
0.22457,0.97591
0.22464,0.97591
0.22471,0.97591
0.22478,0.97591
0.22484,0.97591
0.22491,0.97591
0.22498,0.97591
0.22505,0.97591
0.22512,0.97591
0.22518,0.97591
0.22525,0.97591
0.22532,0.97591
0.22539,0.97591
0.22546,0.97591
0.22552,0.97591
0.22559,0.97591
0.22566,0.97591
0.22573,0.97591
0.22580,0.97591
0.22587,0.97591
0.22593,0.97591
0.22600,0.97591
0.22607,0.97591
0.22614,0.97591
0.22621,0.97591
0.22627,0.97591
0.22634,0.97591
0.22641,0.97591
0.22648,0.97591
0.22655,0.97591
0.22662,0.97591
0.22668,0.97591
0.22675,0.97591
0.22682,0.97591
0.22689,0.97591
0.22696,0.97591
0.22702,0.97591
0.22709,0.97591
0.22716,0.97591
0.22723,0.97591
0.22730,0.97591
0.22737,0.97591
0.22743,0.97591
0.22750,0.97591
0.22757,0.97591
0.22764,0.97591
0.22771,0.97591
0.22777,0.97591
0.22784,0.97591
0.22791,0.97591
0.22798,0.97591
0.22805,0.97591
0.22812,0.97591
0.22818,0.97591
0.22825,0.97591
0.22832,0.97591
0.22839,0.97591
0.22846,0.97591
0.22852,0.97591
0.22859,0.97591
0.22866,0.97591
0.22873,0.97591
0.22880,0.97591
0.22887,0.97591
0.22893,0.97591
0.22900,0.97591
0.22907,0.97591
0.22914,0.97591
0.22921,0.97591
0.22927,0.97591
0.22934,0.97591
0.22941,0.97591
0.22948,0.97591
0.22955,0.97591
0.22962,0.97591
0.22968,0.97591
0.22975,0.97591
0.22982,0.97591
0.22989,0.97591
0.22996,0.97591
0.23002,0.97591
0.23009,0.97591
0.23016,0.97591
0.23023,0.97591
0.23030,0.97591
0.23037,0.97591
0.23043,0.97591
0.23050,0.97591
0.23057,0.97591
0.23064,0.97591
0.23071,0.97591
0.23077,0.97591
0.23084,0.97591
0.23091,0.97591
0.23098,0.97591
0.23105,0.97591
0.23112,0.97591
0.23118,0.97591
0.23125,0.97591
0.23132,0.97591
0.23139,0.97591
0.23146,0.97591
0.23152,0.97591
0.23159,0.97591
0.23166,0.97591
0.23173,0.97591
0.23180,0.97591
0.23187,0.97591
0.23193,0.97591
0.23200,0.97591
0.23207,0.97591
0.23214,0.97591
0.23221,0.97591
0.23227,0.97591
0.23234,0.97591
0.23241,0.97591
0.23248,0.97591
0.23255,0.97591
0.23262,0.97591
0.23268,0.97591
0.23275,0.97591
0.23282,0.97591
0.23289,0.97591
0.23296,0.97591
0.23302,0.97591
0.23309,0.97591
0.23316,0.97591
0.23323,0.97591
0.23330,0.97591
0.23337,0.97591
0.23343,0.97591
0.23350,0.97591
0.23357,0.97591
0.23364,0.97591
0.23371,0.97591
0.23377,0.97591
0.23384,0.97591
0.23391,0.97591
0.23398,0.97591
0.23405,0.97591
0.23412,0.97591
0.23418,0.97591
0.23418,0.97674
0.23425,0.97674
0.23432,0.97674
0.23439,0.97674
0.23446,0.97674
0.23452,0.97674
0.23459,0.97674
0.23466,0.97674
0.23473,0.97674
0.23480,0.97674
0.23487,0.97674
0.23493,0.97674
0.23500,0.97674
0.23507,0.97674
0.23514,0.97674
0.23521,0.97674
0.23527,0.97674
0.23534,0.97674
0.23541,0.97674
0.23548,0.97674
0.23555,0.97674
0.23561,0.97674
0.23568,0.97674
0.23575,0.97674
0.23582,0.97674
0.23589,0.97674
0.23596,0.97674
0.23602,0.97674
0.23609,0.97674
0.23616,0.97674
0.23623,0.97674
0.23630,0.97674
0.23636,0.97674
0.23643,0.97674
0.23650,0.97674
0.23657,0.97674
0.23664,0.97674
0.23671,0.97674
0.23677,0.97674
0.23684,0.97674
0.23691,0.97674
0.23698,0.97674
0.23705,0.97674
0.23711,0.97674
0.23718,0.97674
0.23725,0.97674
0.23732,0.97674
0.23739,0.97674
0.23746,0.97674
0.23752,0.97674
0.23759,0.97674
0.23766,0.97674
0.23773,0.97674
0.23780,0.97674
0.23786,0.97674
0.23793,0.97674
0.23800,0.97674
0.23807,0.97674
0.23814,0.97674
0.23814,0.97757
0.23821,0.97757
0.23827,0.97757
0.23834,0.97757
0.23841,0.97757
0.23848,0.97757
0.23855,0.97757
0.23861,0.97757
0.23868,0.97757
0.23875,0.97757
0.23882,0.97757
0.23889,0.97757
0.23896,0.97757
0.23902,0.97757
0.23909,0.97757
0.23916,0.97757
0.23923,0.97757
0.23930,0.97757
0.23936,0.97757
0.23943,0.97757
0.23950,0.97757
0.23957,0.97757
0.23964,0.97757
0.23971,0.97757
0.23977,0.97757
0.23984,0.97757
0.23991,0.97757
0.23998,0.97757
0.24005,0.97757
0.24011,0.97757
0.24018,0.97757
0.24025,0.97757
0.24032,0.97757
0.24039,0.97757
0.24046,0.97757
0.24052,0.97757
0.24059,0.97757
0.24066,0.97757
0.24073,0.97757
0.24080,0.97757
0.24086,0.97757
0.24093,0.97757
0.24100,0.97757
0.24107,0.97757
0.24114,0.97757
0.24121,0.97757
0.24127,0.97757
0.24134,0.97757
0.24141,0.97757
0.24148,0.97757
0.24155,0.97757
0.24161,0.97757
0.24168,0.97757
0.24175,0.97757
0.24182,0.97757
0.24189,0.97757
0.24196,0.97757
0.24202,0.97757
0.24209,0.97757
0.24216,0.97757
0.24223,0.97757
0.24230,0.97757
0.24236,0.97757
0.24243,0.97757
0.24250,0.97757
0.24257,0.97757
0.24264,0.97757
0.24271,0.97757
0.24277,0.97757
0.24284,0.97757
0.24291,0.97757
0.24298,0.97757
0.24305,0.97757
0.24311,0.97757
0.24318,0.97757
0.24325,0.97757
0.24332,0.97757
0.24339,0.97757
0.24346,0.97757
0.24352,0.97757
0.24359,0.97757
0.24366,0.97757
0.24373,0.97757
0.24380,0.97757
0.24386,0.97757
0.24393,0.97757
0.24400,0.97757
0.24407,0.97757
0.24414,0.97757
0.24421,0.97757
0.24421,0.97841
0.24427,0.97841
0.24434,0.97841
0.24441,0.97841
0.24448,0.97841
0.24455,0.97841
0.24461,0.97841
0.24468,0.97841
0.24475,0.97841
0.24482,0.97841
0.24489,0.97841
0.24496,0.97841
0.24502,0.97841
0.24509,0.97841
0.24516,0.97841
0.24523,0.97841
0.24530,0.97841
0.24536,0.97841
0.24543,0.97841
0.24550,0.97841
0.24557,0.97841
0.24564,0.97841
0.24570,0.97841
0.24577,0.97841
0.24584,0.97841
0.24591,0.97841
0.24598,0.97841
0.24605,0.97841
0.24611,0.97841
0.24618,0.97841
0.24625,0.97841
0.24632,0.97841
0.24639,0.97841
0.24645,0.97841
0.24652,0.97841
0.24659,0.97841
0.24666,0.97841
0.24673,0.97841
0.24680,0.97841
0.24686,0.97841
0.24693,0.97841
0.24700,0.97841
0.24707,0.97841
0.24714,0.97841
0.24720,0.97841
0.24727,0.97841
0.24734,0.97841
0.24741,0.97841
0.24748,0.97841
0.24755,0.97841
0.24761,0.97841
0.24768,0.97841
0.24775,0.97841
0.24782,0.97841
0.24789,0.97841
0.24795,0.97841
0.24802,0.97841
0.24809,0.97841
0.24809,0.97924
0.24816,0.97924
0.24823,0.97924
0.24830,0.97924
0.24836,0.97924
0.24843,0.97924
0.24850,0.97924
0.24857,0.97924
0.24864,0.97924
0.24870,0.97924
0.24877,0.97924
0.24884,0.97924
0.24891,0.97924
0.24898,0.97924
0.24905,0.97924
0.24911,0.97924
0.24918,0.97924
0.24925,0.97924
0.24932,0.97924
0.24939,0.97924
0.24945,0.97924
0.24952,0.97924
0.24959,0.97924
0.24966,0.97924
0.24973,0.97924
0.24980,0.97924
0.24986,0.97924
0.24993,0.97924
0.25000,0.97924
0.25007,0.97924
0.25014,0.97924
0.25020,0.97924
0.25027,0.97924
0.25034,0.97924
0.25041,0.97924
0.25048,0.97924
0.25055,0.97924
0.25061,0.97924
0.25068,0.97924
0.25075,0.97924
0.25082,0.97924
0.25089,0.97924
0.25095,0.97924
0.25102,0.97924
0.25109,0.97924
0.25116,0.97924
0.25123,0.97924
0.25130,0.97924
0.25136,0.97924
0.25143,0.97924
0.25150,0.97924
0.25157,0.97924
0.25164,0.97924
0.25170,0.97924
0.25177,0.97924
0.25184,0.97924
0.25191,0.97924
0.25198,0.97924
0.25205,0.97924
0.25211,0.97924
0.25218,0.97924
0.25225,0.97924
0.25232,0.97924
0.25239,0.97924
0.25245,0.97924
0.25252,0.97924
0.25259,0.97924
0.25266,0.97924
0.25273,0.97924
0.25280,0.97924
0.25286,0.97924
0.25293,0.97924
0.25300,0.97924
0.25307,0.97924
0.25314,0.97924
0.25320,0.97924
0.25327,0.97924
0.25334,0.97924
0.25341,0.97924
0.25348,0.97924
0.25355,0.97924
0.25361,0.97924
0.25368,0.97924
0.25375,0.97924
0.25382,0.97924
0.25389,0.97924
0.25395,0.97924
0.25402,0.97924
0.25409,0.97924
0.25416,0.97924
0.25423,0.97924
0.25430,0.97924
0.25436,0.97924
0.25443,0.97924
0.25450,0.97924
0.25457,0.97924
0.25464,0.97924
0.25470,0.97924
0.25477,0.97924
0.25484,0.97924
0.25491,0.97924
0.25498,0.97924
0.25504,0.97924
0.25511,0.97924
0.25518,0.97924
0.25525,0.97924
0.25532,0.97924
0.25539,0.97924
0.25545,0.97924
0.25552,0.97924
0.25559,0.97924
0.25566,0.97924
0.25573,0.97924
0.25579,0.97924
0.25586,0.97924
0.25593,0.97924
0.25600,0.97924
0.25607,0.97924
0.25614,0.97924
0.25620,0.97924
0.25627,0.97924
0.25634,0.97924
0.25641,0.97924
0.25648,0.97924
0.25654,0.97924
0.25661,0.97924
0.25668,0.97924
0.25675,0.97924
0.25682,0.97924
0.25689,0.97924
0.25695,0.97924
0.25702,0.97924
0.25709,0.97924
0.25716,0.97924
0.25723,0.97924
0.25729,0.97924
0.25736,0.97924
0.25743,0.97924
0.25750,0.97924
0.25757,0.97924
0.25764,0.97924
0.25770,0.97924
0.25777,0.97924
0.25784,0.97924
0.25791,0.97924
0.25798,0.97924
0.25804,0.97924
0.25811,0.97924
0.25818,0.97924
0.25825,0.97924
0.25832,0.97924
0.25839,0.97924
0.25845,0.97924
0.25852,0.97924
0.25859,0.97924
0.25866,0.97924
0.25873,0.97924
0.25879,0.97924
0.25886,0.97924
0.25893,0.97924
0.25900,0.97924
0.25907,0.97924
0.25914,0.97924
0.25920,0.97924
0.25927,0.97924
0.25934,0.97924
0.25941,0.97924
0.25948,0.97924
0.25954,0.97924
0.25961,0.97924
0.25968,0.97924
0.25975,0.97924
0.25982,0.97924
0.25989,0.97924
0.25995,0.97924
0.26002,0.97924
0.26009,0.97924
0.26016,0.97924
0.26023,0.97924
0.26029,0.97924
0.26036,0.97924
0.26043,0.97924
0.26050,0.97924
0.26057,0.97924
0.26064,0.97924
0.26070,0.97924
0.26077,0.97924
0.26084,0.97924
0.26091,0.97924
0.26098,0.97924
0.26104,0.97924
0.26111,0.97924
0.26118,0.97924
0.26125,0.97924
0.26132,0.97924
0.26139,0.97924
0.26145,0.97924
0.26152,0.97924
0.26159,0.97924
0.26166,0.97924
0.26173,0.97924
0.26179,0.97924
0.26186,0.97924
0.26193,0.97924
0.26200,0.97924
0.26207,0.97924
0.26214,0.97924
0.26220,0.97924
0.26227,0.97924
0.26234,0.97924
0.26241,0.97924
0.26248,0.97924
0.26254,0.97924
0.26261,0.97924
0.26268,0.97924
0.26275,0.97924
0.26282,0.97924
0.26289,0.97924
0.26295,0.97924
0.26302,0.97924
0.26309,0.97924
0.26316,0.97924
0.26323,0.97924
0.26329,0.97924
0.26336,0.97924
0.26343,0.97924
0.26350,0.97924
0.26357,0.97924
0.26364,0.97924
0.26370,0.97924
0.26377,0.97924
0.26384,0.97924
0.26391,0.97924
0.26398,0.97924
0.26404,0.97924
0.26411,0.97924
0.26418,0.97924
0.26425,0.97924
0.26432,0.97924
0.26439,0.97924
0.26445,0.97924
0.26452,0.97924
0.26459,0.97924
0.26466,0.97924
0.26473,0.97924
0.26479,0.97924
0.26486,0.97924
0.26493,0.97924
0.26500,0.97924
0.26507,0.97924
0.26513,0.97924
0.26520,0.97924
0.26527,0.97924
0.26534,0.97924
0.26541,0.97924
0.26548,0.97924
0.26554,0.97924
0.26561,0.97924
0.26568,0.97924
0.26575,0.97924
0.26582,0.97924
0.26588,0.97924
0.26595,0.97924
0.26602,0.97924
0.26609,0.97924
0.26616,0.97924
0.26623,0.97924
0.26629,0.97924
0.26636,0.97924
0.26643,0.97924
0.26650,0.97924
0.26657,0.97924
0.26663,0.97924
0.26670,0.97924
0.26677,0.97924
0.26684,0.97924
0.26691,0.97924
0.26698,0.97924
0.26704,0.97924
0.26711,0.97924
0.26718,0.97924
0.26725,0.97924
0.26732,0.97924
0.26738,0.97924
0.26745,0.97924
0.26752,0.97924
0.26759,0.97924
0.26766,0.97924
0.26773,0.97924
0.26779,0.97924
0.26786,0.97924
0.26793,0.97924
0.26800,0.97924
0.26807,0.97924
0.26813,0.97924
0.26820,0.97924
0.26827,0.97924
0.26834,0.97924
0.26841,0.97924
0.26848,0.97924
0.26854,0.97924
0.26861,0.97924
0.26868,0.97924
0.26875,0.97924
0.26882,0.97924
0.26888,0.97924
0.26895,0.97924
0.26902,0.97924
0.26909,0.97924
0.26916,0.97924
0.26923,0.97924
0.26929,0.97924
0.26936,0.97924
0.26943,0.97924
0.26950,0.97924
0.26957,0.97924
0.26963,0.97924
0.26970,0.97924
0.26977,0.97924
0.26984,0.97924
0.26991,0.97924
0.26998,0.97924
0.27004,0.97924
0.27011,0.97924
0.27018,0.97924
0.27025,0.97924
0.27032,0.97924
0.27038,0.97924
0.27045,0.97924
0.27052,0.97924
0.27059,0.97924
0.27066,0.97924
0.27073,0.97924
0.27079,0.97924
0.27086,0.97924
0.27093,0.97924
0.27100,0.97924
0.27107,0.97924
0.27113,0.97924
0.27120,0.97924
0.27127,0.97924
0.27134,0.97924
0.27141,0.97924
0.27148,0.97924
0.27154,0.97924
0.27161,0.97924
0.27168,0.97924
0.27175,0.97924
0.27182,0.97924
0.27188,0.97924
0.27195,0.97924
0.27202,0.97924
0.27209,0.97924
0.27216,0.97924
0.27223,0.97924
0.27229,0.97924
0.27236,0.97924
0.27243,0.97924
0.27250,0.97924
0.27257,0.97924
0.27263,0.97924
0.27270,0.97924
0.27277,0.97924
0.27284,0.97924
0.27291,0.97924
0.27298,0.97924
0.27304,0.97924
0.27311,0.97924
0.27318,0.97924
0.27325,0.97924
0.27332,0.97924
0.27338,0.97924
0.27345,0.97924
0.27352,0.97924
0.27359,0.97924
0.27366,0.97924
0.27373,0.97924
0.27379,0.97924
0.27386,0.97924
0.27393,0.97924
0.27400,0.97924
0.27407,0.97924
0.27413,0.97924
0.27420,0.97924
0.27427,0.97924
0.27434,0.97924
0.27441,0.97924
0.27448,0.97924
0.27454,0.97924
0.27461,0.97924
0.27468,0.97924
0.27475,0.97924
0.27482,0.97924
0.27488,0.97924
0.27495,0.97924
0.27502,0.97924
0.27509,0.97924
0.27516,0.97924
0.27522,0.97924
0.27529,0.97924
0.27536,0.97924
0.27543,0.97924
0.27550,0.97924
0.27557,0.97924
0.27563,0.97924
0.27570,0.97924
0.27577,0.97924
0.27584,0.97924
0.27591,0.97924
0.27597,0.97924
0.27604,0.97924
0.27611,0.97924
0.27618,0.97924
0.27625,0.97924
0.27632,0.97924
0.27638,0.97924
0.27645,0.97924
0.27652,0.97924
0.27659,0.97924
0.27666,0.97924
0.27672,0.97924
0.27679,0.97924
0.27686,0.97924
0.27693,0.97924
0.27700,0.97924
0.27707,0.97924
0.27713,0.97924
0.27720,0.97924
0.27727,0.97924
0.27734,0.97924
0.27741,0.97924
0.27747,0.97924
0.27754,0.97924
0.27761,0.97924
0.27768,0.97924
0.27775,0.97924
0.27782,0.97924
0.27788,0.97924
0.27795,0.97924
0.27802,0.97924
0.27809,0.97924
0.27816,0.97924
0.27822,0.97924
0.27829,0.97924
0.27836,0.97924
0.27843,0.97924
0.27850,0.97924
0.27857,0.97924
0.27863,0.97924
0.27870,0.97924
0.27877,0.97924
0.27884,0.97924
0.27891,0.97924
0.27897,0.97924
0.27904,0.97924
0.27911,0.97924
0.27918,0.97924
0.27925,0.97924
0.27932,0.97924
0.27938,0.97924
0.27945,0.97924
0.27952,0.97924
0.27959,0.97924
0.27966,0.97924
0.27972,0.97924
0.27979,0.97924
0.27986,0.97924
0.27993,0.97924
0.28000,0.97924
0.28007,0.97924
0.28013,0.97924
0.28020,0.97924
0.28027,0.97924
0.28034,0.97924
0.28041,0.97924
0.28047,0.97924
0.28054,0.97924
0.28061,0.97924
0.28068,0.97924
0.28075,0.97924
0.28082,0.97924
0.28088,0.97924
0.28095,0.97924
0.28102,0.97924
0.28109,0.97924
0.28116,0.97924
0.28122,0.97924
0.28129,0.97924
0.28136,0.97924
0.28143,0.97924
0.28150,0.97924
0.28157,0.97924
0.28163,0.97924
0.28170,0.97924
0.28177,0.97924
0.28184,0.97924
0.28191,0.97924
0.28197,0.97924
0.28204,0.97924
0.28211,0.97924
0.28218,0.97924
0.28225,0.97924
0.28232,0.97924
0.28238,0.97924
0.28245,0.97924
0.28252,0.97924
0.28259,0.97924
0.28266,0.97924
0.28272,0.97924
0.28279,0.97924
0.28286,0.97924
0.28293,0.97924
0.28300,0.97924
0.28307,0.97924
0.28313,0.97924
0.28320,0.97924
0.28327,0.97924
0.28334,0.97924
0.28341,0.97924
0.28347,0.97924
0.28354,0.97924
0.28361,0.97924
0.28368,0.97924
0.28375,0.97924
0.28382,0.97924
0.28388,0.97924
0.28395,0.97924
0.28402,0.97924
0.28409,0.97924
0.28416,0.97924
0.28422,0.97924
0.28429,0.97924
0.28436,0.97924
0.28443,0.97924
0.28450,0.97924
0.28457,0.97924
0.28463,0.97924
0.28470,0.97924
0.28477,0.97924
0.28484,0.97924
0.28491,0.97924
0.28497,0.97924
0.28504,0.97924
0.28511,0.97924
0.28518,0.97924
0.28525,0.97924
0.28531,0.97924
0.28538,0.97924
0.28545,0.97924
0.28552,0.97924
0.28559,0.97924
0.28566,0.97924
0.28572,0.97924
0.28579,0.97924
0.28586,0.97924
0.28593,0.97924
0.28600,0.97924
0.28606,0.97924
0.28613,0.97924
0.28620,0.97924
0.28627,0.97924
0.28634,0.97924
0.28641,0.97924
0.28647,0.97924
0.28654,0.97924
0.28661,0.97924
0.28668,0.97924
0.28675,0.97924
0.28681,0.97924
0.28688,0.97924
0.28695,0.97924
0.28702,0.97924
0.28709,0.97924
0.28716,0.97924
0.28722,0.97924
0.28729,0.97924
0.28736,0.97924
0.28743,0.97924
0.28750,0.97924
0.28756,0.97924
0.28763,0.97924
0.28770,0.97924
0.28777,0.97924
0.28784,0.97924
0.28791,0.97924
0.28797,0.97924
0.28804,0.97924
0.28811,0.97924
0.28818,0.97924
0.28825,0.97924
0.28831,0.97924
0.28838,0.97924
0.28845,0.97924
0.28852,0.97924
0.28859,0.97924
0.28866,0.97924
0.28872,0.97924
0.28879,0.97924
0.28886,0.97924
0.28893,0.97924
0.28900,0.97924
0.28906,0.97924
0.28913,0.97924
0.28920,0.97924
0.28927,0.97924
0.28934,0.97924
0.28941,0.97924
0.28947,0.97924
0.28954,0.97924
0.28961,0.97924
0.28968,0.97924
0.28975,0.97924
0.28981,0.97924
0.28988,0.97924
0.28995,0.97924
0.29002,0.97924
0.29009,0.97924
0.29016,0.97924
0.29022,0.97924
0.29029,0.97924
0.29036,0.97924
0.29043,0.97924
0.29050,0.97924
0.29056,0.97924
0.29063,0.97924
0.29070,0.97924
0.29077,0.97924
0.29084,0.97924
0.29091,0.97924
0.29097,0.97924
0.29104,0.97924
0.29111,0.97924
0.29118,0.97924
0.29125,0.97924
0.29131,0.97924
0.29138,0.97924
0.29145,0.97924
0.29152,0.97924
0.29159,0.97924
0.29166,0.97924
0.29172,0.97924
0.29179,0.97924
0.29186,0.97924
0.29193,0.97924
0.29200,0.97924
0.29206,0.97924
0.29213,0.97924
0.29220,0.97924
0.29227,0.97924
0.29234,0.97924
0.29241,0.97924
0.29247,0.97924
0.29254,0.97924
0.29261,0.97924
0.29268,0.97924
0.29275,0.97924
0.29281,0.97924
0.29288,0.97924
0.29295,0.97924
0.29302,0.97924
0.29309,0.97924
0.29316,0.97924
0.29322,0.97924
0.29329,0.97924
0.29336,0.97924
0.29343,0.97924
0.29350,0.97924
0.29356,0.97924
0.29363,0.97924
0.29370,0.97924
0.29377,0.97924
0.29384,0.97924
0.29391,0.97924
0.29397,0.97924
0.29404,0.97924
0.29411,0.97924
0.29418,0.97924
0.29425,0.97924
0.29431,0.97924
0.29438,0.97924
0.29445,0.97924
0.29452,0.97924
0.29459,0.97924
0.29466,0.97924
0.29472,0.97924
0.29479,0.97924
0.29486,0.97924
0.29493,0.97924
0.29500,0.97924
0.29506,0.97924
0.29513,0.97924
0.29520,0.97924
0.29527,0.97924
0.29534,0.97924
0.29540,0.97924
0.29547,0.97924
0.29554,0.97924
0.29561,0.97924
0.29568,0.97924
0.29575,0.97924
0.29581,0.97924
0.29588,0.97924
0.29595,0.97924
0.29602,0.97924
0.29609,0.97924
0.29615,0.97924
0.29622,0.97924
0.29629,0.97924
0.29636,0.97924
0.29643,0.97924
0.29650,0.97924
0.29656,0.97924
0.29663,0.97924
0.29670,0.97924
0.29677,0.97924
0.29684,0.97924
0.29690,0.97924
0.29697,0.97924
0.29704,0.97924
0.29711,0.97924
0.29718,0.97924
0.29725,0.97924
0.29731,0.97924
0.29738,0.97924
0.29745,0.97924
0.29752,0.97924
0.29759,0.97924
0.29765,0.97924
0.29772,0.97924
0.29779,0.97924
0.29786,0.97924
0.29793,0.97924
0.29800,0.97924
0.29806,0.97924
0.29813,0.97924
0.29820,0.97924
0.29827,0.97924
0.29834,0.97924
0.29840,0.97924
0.29847,0.97924
0.29854,0.97924
0.29861,0.97924
0.29868,0.97924
0.29875,0.97924
0.29881,0.97924
0.29888,0.97924
0.29895,0.97924
0.29902,0.97924
0.29909,0.97924
0.29915,0.97924
0.29922,0.97924
0.29929,0.97924
0.29936,0.97924
0.29943,0.97924
0.29950,0.97924
0.29956,0.97924
0.29963,0.97924
0.29970,0.97924
0.29977,0.97924
0.29984,0.97924
0.29990,0.97924
0.29997,0.97924
0.30004,0.97924
0.30011,0.97924
0.30018,0.97924
0.30025,0.97924
0.30031,0.97924
0.30038,0.97924
0.30045,0.97924
0.30052,0.97924
0.30059,0.97924
0.30065,0.97924
0.30072,0.97924
0.30079,0.97924
0.30086,0.97924
0.30093,0.97924
0.30100,0.97924
0.30106,0.97924
0.30113,0.97924
0.30120,0.97924
0.30127,0.97924
0.30134,0.97924
0.30140,0.97924
0.30147,0.97924
0.30154,0.97924
0.30161,0.97924
0.30168,0.97924
0.30175,0.97924
0.30181,0.97924
0.30188,0.97924
0.30195,0.97924
0.30202,0.97924
0.30209,0.97924
0.30215,0.97924
0.30222,0.97924
0.30229,0.97924
0.30236,0.97924
0.30243,0.97924
0.30250,0.97924
0.30256,0.97924
0.30263,0.97924
0.30270,0.97924
0.30277,0.97924
0.30284,0.97924
0.30290,0.97924
0.30297,0.97924
0.30304,0.97924
0.30311,0.97924
0.30318,0.97924
0.30325,0.97924
0.30331,0.97924
0.30338,0.97924
0.30345,0.97924
0.30352,0.97924
0.30359,0.97924
0.30365,0.97924
0.30372,0.97924
0.30379,0.97924
0.30386,0.97924
0.30393,0.97924
0.30400,0.97924
0.30406,0.97924
0.30413,0.97924
0.30420,0.97924
0.30427,0.97924
0.30434,0.97924
0.30440,0.97924
0.30447,0.97924
0.30454,0.97924
0.30461,0.97924
0.30468,0.97924
0.30475,0.97924
0.30481,0.97924
0.30488,0.97924
0.30495,0.97924
0.30502,0.97924
0.30509,0.97924
0.30515,0.97924
0.30522,0.97924
0.30529,0.97924
0.30536,0.97924
0.30543,0.97924
0.30549,0.97924
0.30556,0.97924
0.30563,0.97924
0.30570,0.97924
0.30577,0.97924
0.30584,0.97924
0.30590,0.97924
0.30597,0.97924
0.30604,0.97924
0.30611,0.97924
0.30618,0.97924
0.30624,0.97924
0.30631,0.97924
0.30638,0.97924
0.30645,0.97924
0.30652,0.97924
0.30659,0.97924
0.30665,0.97924
0.30672,0.97924
0.30679,0.97924
0.30686,0.97924
0.30693,0.97924
0.30699,0.97924
0.30706,0.97924
0.30713,0.97924
0.30720,0.97924
0.30727,0.97924
0.30734,0.97924
0.30740,0.97924
0.30747,0.97924
0.30754,0.97924
0.30761,0.97924
0.30768,0.97924
0.30774,0.97924
0.30781,0.97924
0.30788,0.97924
0.30795,0.97924
0.30802,0.97924
0.30809,0.97924
0.30815,0.97924
0.30822,0.97924
0.30829,0.97924
0.30836,0.97924
0.30843,0.97924
0.30849,0.97924
0.30856,0.97924
0.30863,0.97924
0.30870,0.97924
0.30877,0.97924
0.30884,0.97924
0.30890,0.97924
0.30897,0.97924
0.30904,0.97924
0.30911,0.97924
0.30918,0.97924
0.30924,0.97924
0.30931,0.97924
0.30938,0.97924
0.30945,0.97924
0.30952,0.97924
0.30959,0.97924
0.30965,0.97924
0.30972,0.97924
0.30979,0.97924
0.30986,0.97924
0.30993,0.97924
0.30999,0.97924
0.31006,0.97924
0.31013,0.97924
0.31020,0.97924
0.31027,0.97924
0.31034,0.97924
0.31040,0.97924
0.31047,0.97924
0.31054,0.97924
0.31061,0.97924
0.31068,0.97924
0.31074,0.97924
0.31081,0.97924
0.31088,0.97924
0.31095,0.97924
0.31102,0.97924
0.31109,0.97924
0.31115,0.97924
0.31122,0.97924
0.31129,0.97924
0.31136,0.97924
0.31143,0.97924
0.31149,0.97924
0.31156,0.97924
0.31163,0.97924
0.31170,0.97924
0.31177,0.97924
0.31184,0.97924
0.31190,0.97924
0.31197,0.97924
0.31204,0.97924
0.31211,0.97924
0.31218,0.97924
0.31224,0.97924
0.31231,0.97924
0.31238,0.97924
0.31245,0.97924
0.31252,0.97924
0.31259,0.97924
0.31265,0.97924
0.31272,0.97924
0.31279,0.97924
0.31286,0.97924
0.31293,0.97924
0.31299,0.97924
0.31306,0.97924
0.31313,0.97924
0.31320,0.97924
0.31327,0.97924
0.31334,0.97924
0.31340,0.97924
0.31347,0.97924
0.31354,0.97924
0.31361,0.97924
0.31368,0.97924
0.31374,0.97924
0.31381,0.97924
0.31388,0.97924
0.31395,0.97924
0.31402,0.97924
0.31409,0.97924
0.31415,0.97924
0.31422,0.97924
0.31429,0.97924
0.31436,0.97924
0.31443,0.97924
0.31449,0.97924
0.31456,0.97924
0.31463,0.97924
0.31470,0.97924
0.31477,0.97924
0.31484,0.97924
0.31490,0.97924
0.31497,0.97924
0.31504,0.97924
0.31511,0.97924
0.31518,0.97924
0.31524,0.97924
0.31531,0.97924
0.31538,0.97924
0.31545,0.97924
0.31552,0.97924
0.31558,0.97924
0.31565,0.97924
0.31572,0.97924
0.31579,0.97924
0.31586,0.97924
0.31593,0.97924
0.31599,0.97924
0.31606,0.97924
0.31613,0.97924
0.31620,0.97924
0.31627,0.97924
0.31627,0.98007
0.31633,0.98007
0.31640,0.98007
0.31647,0.98007
0.31654,0.98007
0.31661,0.98007
0.31668,0.98007
0.31674,0.98007
0.31681,0.98007
0.31688,0.98007
0.31695,0.98007
0.31702,0.98007
0.31708,0.98007
0.31715,0.98007
0.31722,0.98007
0.31729,0.98007
0.31736,0.98007
0.31743,0.98007
0.31749,0.98007
0.31756,0.98007
0.31763,0.98007
0.31770,0.98007
0.31777,0.98007
0.31783,0.98007
0.31790,0.98007
0.31797,0.98007
0.31804,0.98007
0.31811,0.98007
0.31818,0.98007
0.31824,0.98007
0.31831,0.98007
0.31838,0.98007
0.31845,0.98007
0.31852,0.98007
0.31858,0.98007
0.31865,0.98007
0.31872,0.98007
0.31879,0.98007
0.31886,0.98007
0.31893,0.98007
0.31899,0.98007
0.31906,0.98007
0.31913,0.98007
0.31920,0.98007
0.31927,0.98007
0.31933,0.98007
0.31940,0.98007
0.31947,0.98007
0.31954,0.98007
0.31961,0.98007
0.31968,0.98007
0.31974,0.98007
0.31981,0.98007
0.31988,0.98007
0.31995,0.98007
0.32002,0.98007
0.32008,0.98007
0.32015,0.98007
0.32022,0.98007
0.32029,0.98007
0.32036,0.98007
0.32043,0.98007
0.32049,0.98007
0.32056,0.98007
0.32063,0.98007
0.32070,0.98007
0.32077,0.98007
0.32083,0.98007
0.32090,0.98007
0.32097,0.98007
0.32104,0.98007
0.32111,0.98007
0.32118,0.98007
0.32124,0.98007
0.32131,0.98007
0.32138,0.98007
0.32145,0.98007
0.32152,0.98007
0.32158,0.98007
0.32165,0.98007
0.32172,0.98007
0.32179,0.98007
0.32186,0.98007
0.32193,0.98007
0.32199,0.98007
0.32206,0.98007
0.32213,0.98007
0.32220,0.98007
0.32227,0.98007
0.32227,0.98090
0.32233,0.98090
0.32240,0.98090
0.32247,0.98090
0.32254,0.98090
0.32261,0.98090
0.32268,0.98090
0.32274,0.98090
0.32281,0.98090
0.32288,0.98090
0.32295,0.98090
0.32302,0.98090
0.32308,0.98090
0.32315,0.98090
0.32322,0.98090
0.32329,0.98090
0.32336,0.98090
0.32343,0.98090
0.32349,0.98090
0.32356,0.98090
0.32363,0.98090
0.32370,0.98090
0.32377,0.98090
0.32383,0.98090
0.32390,0.98090
0.32397,0.98090
0.32404,0.98090
0.32411,0.98090
0.32418,0.98090
0.32424,0.98090
0.32431,0.98090
0.32438,0.98090
0.32445,0.98090
0.32452,0.98090
0.32458,0.98090
0.32465,0.98090
0.32472,0.98090
0.32479,0.98090
0.32486,0.98090
0.32493,0.98090
0.32499,0.98090
0.32506,0.98090
0.32513,0.98090
0.32520,0.98090
0.32527,0.98090
0.32533,0.98090
0.32540,0.98090
0.32547,0.98090
0.32554,0.98090
0.32561,0.98090
0.32567,0.98090
0.32574,0.98090
0.32581,0.98090
0.32588,0.98090
0.32595,0.98090
0.32602,0.98090
0.32608,0.98090
0.32615,0.98090
0.32622,0.98090
0.32629,0.98090
0.32636,0.98090
0.32642,0.98090
0.32649,0.98090
0.32656,0.98090
0.32663,0.98090
0.32670,0.98090
0.32677,0.98090
0.32683,0.98090
0.32690,0.98090
0.32697,0.98090
0.32704,0.98090
0.32711,0.98090
0.32717,0.98090
0.32724,0.98090
0.32731,0.98090
0.32738,0.98090
0.32745,0.98090
0.32752,0.98090
0.32758,0.98090
0.32765,0.98090
0.32772,0.98090
0.32779,0.98090
0.32786,0.98090
0.32792,0.98090
0.32799,0.98090
0.32806,0.98090
0.32813,0.98090
0.32820,0.98090
0.32827,0.98090
0.32833,0.98090
0.32840,0.98090
0.32847,0.98090
0.32854,0.98090
0.32861,0.98090
0.32867,0.98090
0.32874,0.98090
0.32881,0.98090
0.32888,0.98090
0.32895,0.98090
0.32902,0.98090
0.32908,0.98090
0.32915,0.98090
0.32922,0.98090
0.32929,0.98090
0.32936,0.98090
0.32942,0.98090
0.32949,0.98090
0.32956,0.98090
0.32963,0.98090
0.32970,0.98090
0.32977,0.98090
0.32983,0.98090
0.32990,0.98090
0.32997,0.98090
0.33004,0.98090
0.33011,0.98090
0.33017,0.98090
0.33024,0.98090
0.33031,0.98090
0.33038,0.98090
0.33045,0.98090
0.33052,0.98090
0.33058,0.98090
0.33065,0.98090
0.33072,0.98090
0.33079,0.98090
0.33086,0.98090
0.33092,0.98090
0.33099,0.98090
0.33106,0.98090
0.33113,0.98090
0.33120,0.98090
0.33127,0.98090
0.33133,0.98090
0.33140,0.98090
0.33140,0.98173
0.33147,0.98173
0.33154,0.98173
0.33161,0.98173
0.33167,0.98173
0.33174,0.98173
0.33181,0.98173
0.33188,0.98173
0.33195,0.98173
0.33202,0.98173
0.33208,0.98173
0.33215,0.98173
0.33222,0.98173
0.33229,0.98173
0.33236,0.98173
0.33242,0.98173
0.33249,0.98173
0.33256,0.98173
0.33263,0.98173
0.33270,0.98173
0.33277,0.98173
0.33283,0.98173
0.33290,0.98173
0.33297,0.98173
0.33304,0.98173
0.33311,0.98173
0.33317,0.98173
0.33324,0.98173
0.33331,0.98173
0.33338,0.98173
0.33345,0.98173
0.33352,0.98173
0.33358,0.98173
0.33365,0.98173
0.33372,0.98173
0.33379,0.98173
0.33386,0.98173
0.33392,0.98173
0.33399,0.98173
0.33406,0.98173
0.33413,0.98173
0.33420,0.98173
0.33427,0.98173
0.33433,0.98173
0.33440,0.98173
0.33447,0.98173
0.33454,0.98173
0.33461,0.98173
0.33467,0.98173
0.33474,0.98173
0.33481,0.98173
0.33488,0.98173
0.33495,0.98173
0.33501,0.98173
0.33508,0.98173
0.33515,0.98173
0.33522,0.98173
0.33529,0.98173
0.33536,0.98173
0.33542,0.98173
0.33549,0.98173
0.33556,0.98173
0.33563,0.98173
0.33570,0.98173
0.33576,0.98173
0.33583,0.98173
0.33590,0.98173
0.33597,0.98173
0.33604,0.98173
0.33611,0.98173
0.33617,0.98173
0.33624,0.98173
0.33631,0.98173
0.33638,0.98173
0.33645,0.98173
0.33651,0.98173
0.33658,0.98173
0.33665,0.98173
0.33672,0.98173
0.33679,0.98173
0.33686,0.98173
0.33692,0.98173
0.33699,0.98173
0.33706,0.98173
0.33713,0.98173
0.33720,0.98173
0.33726,0.98173
0.33733,0.98173
0.33740,0.98173
0.33747,0.98173
0.33754,0.98173
0.33761,0.98173
0.33767,0.98173
0.33774,0.98173
0.33781,0.98173
0.33788,0.98173
0.33795,0.98173
0.33801,0.98173
0.33808,0.98173
0.33815,0.98173
0.33822,0.98173
0.33829,0.98173
0.33836,0.98173
0.33842,0.98173
0.33849,0.98173
0.33856,0.98173
0.33863,0.98173
0.33870,0.98173
0.33876,0.98173
0.33883,0.98173
0.33890,0.98173
0.33897,0.98173
0.33904,0.98173
0.33911,0.98173
0.33917,0.98173
0.33924,0.98173
0.33931,0.98173
0.33938,0.98173
0.33945,0.98173
0.33951,0.98173
0.33958,0.98173
0.33965,0.98173
0.33972,0.98173
0.33979,0.98173
0.33986,0.98173
0.33992,0.98173
0.33999,0.98173
0.34006,0.98173
0.34013,0.98173
0.34020,0.98173
0.34026,0.98173
0.34033,0.98173
0.34040,0.98173
0.34047,0.98173
0.34054,0.98173
0.34061,0.98173
0.34067,0.98173
0.34074,0.98173
0.34081,0.98173
0.34088,0.98173
0.34095,0.98173
0.34101,0.98173
0.34108,0.98173
0.34115,0.98173
0.34122,0.98173
0.34129,0.98173
0.34136,0.98173
0.34142,0.98173
0.34149,0.98173
0.34156,0.98173
0.34163,0.98173
0.34170,0.98173
0.34176,0.98173
0.34183,0.98173
0.34190,0.98173
0.34197,0.98173
0.34204,0.98173
0.34211,0.98173
0.34217,0.98173
0.34224,0.98173
0.34231,0.98173
0.34238,0.98173
0.34245,0.98173
0.34251,0.98173
0.34258,0.98173
0.34265,0.98173
0.34272,0.98173
0.34279,0.98173
0.34286,0.98173
0.34292,0.98173
0.34299,0.98173
0.34306,0.98173
0.34313,0.98173
0.34320,0.98173
0.34326,0.98173
0.34333,0.98173
0.34340,0.98173
0.34347,0.98173
0.34354,0.98173
0.34361,0.98173
0.34367,0.98173
0.34374,0.98173
0.34381,0.98173
0.34388,0.98173
0.34395,0.98173
0.34401,0.98173
0.34408,0.98173
0.34415,0.98173
0.34422,0.98173
0.34429,0.98173
0.34436,0.98173
0.34442,0.98173
0.34449,0.98173
0.34456,0.98173
0.34463,0.98173
0.34470,0.98173
0.34476,0.98173
0.34483,0.98173
0.34490,0.98173
0.34497,0.98173
0.34504,0.98173
0.34510,0.98173
0.34517,0.98173
0.34524,0.98173
0.34531,0.98173
0.34538,0.98173
0.34545,0.98173
0.34551,0.98173
0.34558,0.98173
0.34565,0.98173
0.34572,0.98173
0.34579,0.98173
0.34585,0.98173
0.34592,0.98173
0.34599,0.98173
0.34606,0.98173
0.34613,0.98173
0.34620,0.98173
0.34626,0.98173
0.34633,0.98173
0.34640,0.98173
0.34647,0.98173
0.34654,0.98173
0.34660,0.98173
0.34667,0.98173
0.34674,0.98173
0.34681,0.98173
0.34688,0.98173
0.34695,0.98173
0.34701,0.98173
0.34708,0.98173
0.34715,0.98173
0.34722,0.98173
0.34729,0.98173
0.34735,0.98173
0.34742,0.98173
0.34749,0.98173
0.34756,0.98173
0.34763,0.98173
0.34770,0.98173
0.34776,0.98173
0.34783,0.98173
0.34790,0.98173
0.34797,0.98173
0.34804,0.98173
0.34810,0.98173
0.34810,0.98256
0.34817,0.98256
0.34824,0.98256
0.34831,0.98256
0.34838,0.98256
0.34845,0.98256
0.34851,0.98256
0.34858,0.98256
0.34865,0.98256
0.34872,0.98256
0.34879,0.98256
0.34885,0.98256
0.34892,0.98256
0.34899,0.98256
0.34906,0.98256
0.34913,0.98256
0.34920,0.98256
0.34926,0.98256
0.34933,0.98256
0.34940,0.98256
0.34947,0.98256
0.34954,0.98256
0.34960,0.98256
0.34967,0.98256
0.34974,0.98256
0.34981,0.98256
0.34988,0.98256
0.34995,0.98256
0.35001,0.98256
0.35008,0.98256
0.35015,0.98256
0.35022,0.98256
0.35029,0.98256
0.35035,0.98256
0.35042,0.98256
0.35049,0.98256
0.35056,0.98256
0.35063,0.98256
0.35070,0.98256
0.35076,0.98256
0.35083,0.98256
0.35090,0.98256
0.35097,0.98256
0.35104,0.98256
0.35110,0.98256
0.35117,0.98256
0.35124,0.98256
0.35131,0.98256
0.35138,0.98256
0.35145,0.98256
0.35151,0.98256
0.35158,0.98256
0.35165,0.98256
0.35172,0.98256
0.35179,0.98256
0.35185,0.98256
0.35192,0.98256
0.35199,0.98256
0.35206,0.98256
0.35213,0.98256
0.35213,0.98339
0.35220,0.98339
0.35226,0.98339
0.35233,0.98339
0.35240,0.98339
0.35247,0.98339
0.35254,0.98339
0.35260,0.98339
0.35267,0.98339
0.35274,0.98339
0.35281,0.98339
0.35288,0.98339
0.35295,0.98339
0.35301,0.98339
0.35308,0.98339
0.35315,0.98339
0.35322,0.98339
0.35329,0.98339
0.35335,0.98339
0.35342,0.98339
0.35349,0.98339
0.35356,0.98339
0.35363,0.98339
0.35370,0.98339
0.35376,0.98339
0.35383,0.98339
0.35390,0.98339
0.35397,0.98339
0.35404,0.98339
0.35410,0.98339
0.35417,0.98339
0.35424,0.98339
0.35431,0.98339
0.35438,0.98339
0.35445,0.98339
0.35451,0.98339
0.35458,0.98339
0.35465,0.98339
0.35472,0.98339
0.35479,0.98339
0.35485,0.98339
0.35492,0.98339
0.35499,0.98339
0.35506,0.98339
0.35513,0.98339
0.35519,0.98339
0.35526,0.98339
0.35533,0.98339
0.35540,0.98339
0.35547,0.98339
0.35554,0.98339
0.35560,0.98339
0.35567,0.98339
0.35574,0.98339
0.35581,0.98339
0.35588,0.98339
0.35594,0.98339
0.35601,0.98339
0.35608,0.98339
0.35615,0.98339
0.35622,0.98339
0.35629,0.98339
0.35635,0.98339
0.35642,0.98339
0.35649,0.98339
0.35656,0.98339
0.35663,0.98339
0.35669,0.98339
0.35676,0.98339
0.35683,0.98339
0.35690,0.98339
0.35697,0.98339
0.35704,0.98339
0.35710,0.98339
0.35717,0.98339
0.35724,0.98339
0.35731,0.98339
0.35738,0.98339
0.35744,0.98339
0.35751,0.98339
0.35758,0.98339
0.35765,0.98339
0.35772,0.98339
0.35779,0.98339
0.35785,0.98339
0.35792,0.98339
0.35799,0.98339
0.35806,0.98339
0.35813,0.98339
0.35819,0.98339
0.35826,0.98339
0.35833,0.98339
0.35840,0.98339
0.35847,0.98339
0.35854,0.98339
0.35860,0.98339
0.35867,0.98339
0.35874,0.98339
0.35881,0.98339
0.35888,0.98339
0.35894,0.98339
0.35901,0.98339
0.35908,0.98339
0.35915,0.98339
0.35922,0.98339
0.35929,0.98339
0.35935,0.98339
0.35942,0.98339
0.35949,0.98339
0.35956,0.98339
0.35963,0.98339
0.35969,0.98339
0.35976,0.98339
0.35983,0.98339
0.35990,0.98339
0.35997,0.98339
0.36004,0.98339
0.36010,0.98339
0.36017,0.98339
0.36024,0.98339
0.36031,0.98339
0.36038,0.98339
0.36044,0.98339
0.36051,0.98339
0.36058,0.98339
0.36065,0.98339
0.36072,0.98339
0.36079,0.98339
0.36085,0.98339
0.36092,0.98339
0.36099,0.98339
0.36106,0.98339
0.36113,0.98339
0.36119,0.98339
0.36126,0.98339
0.36133,0.98339
0.36140,0.98339
0.36147,0.98339
0.36154,0.98339
0.36160,0.98339
0.36167,0.98339
0.36174,0.98339
0.36181,0.98339
0.36188,0.98339
0.36194,0.98339
0.36201,0.98339
0.36201,0.98422
0.36208,0.98422
0.36215,0.98422
0.36222,0.98422
0.36229,0.98422
0.36235,0.98422
0.36242,0.98422
0.36249,0.98422
0.36256,0.98422
0.36263,0.98422
0.36269,0.98422
0.36276,0.98422
0.36283,0.98422
0.36290,0.98422
0.36297,0.98422
0.36304,0.98422
0.36310,0.98422
0.36317,0.98422
0.36324,0.98422
0.36331,0.98422
0.36338,0.98422
0.36344,0.98422
0.36351,0.98422
0.36358,0.98422
0.36365,0.98422
0.36372,0.98422
0.36379,0.98422
0.36385,0.98422
0.36392,0.98422
0.36399,0.98422
0.36406,0.98422
0.36413,0.98422
0.36419,0.98422
0.36426,0.98422
0.36433,0.98422
0.36440,0.98422
0.36447,0.98422
0.36454,0.98422
0.36460,0.98422
0.36467,0.98422
0.36474,0.98422
0.36481,0.98422
0.36488,0.98422
0.36494,0.98422
0.36501,0.98422
0.36508,0.98422
0.36515,0.98422
0.36522,0.98422
0.36528,0.98422
0.36535,0.98422
0.36542,0.98422
0.36549,0.98422
0.36556,0.98422
0.36563,0.98422
0.36569,0.98422
0.36576,0.98422
0.36583,0.98422
0.36590,0.98422
0.36597,0.98422
0.36603,0.98422
0.36610,0.98422
0.36617,0.98422
0.36624,0.98422
0.36631,0.98422
0.36638,0.98422
0.36644,0.98422
0.36651,0.98422
0.36658,0.98422
0.36665,0.98422
0.36672,0.98422
0.36678,0.98422
0.36685,0.98422
0.36692,0.98422
0.36699,0.98422
0.36706,0.98422
0.36713,0.98422
0.36719,0.98422
0.36726,0.98422
0.36733,0.98422
0.36740,0.98422
0.36747,0.98422
0.36753,0.98422
0.36760,0.98422
0.36767,0.98422
0.36774,0.98422
0.36781,0.98422
0.36788,0.98422
0.36794,0.98422
0.36801,0.98422
0.36808,0.98422
0.36815,0.98422
0.36822,0.98422
0.36828,0.98422
0.36835,0.98422
0.36842,0.98422
0.36849,0.98422
0.36856,0.98422
0.36863,0.98422
0.36869,0.98422
0.36876,0.98422
0.36883,0.98422
0.36890,0.98422
0.36897,0.98422
0.36903,0.98422
0.36910,0.98422
0.36917,0.98422
0.36924,0.98422
0.36931,0.98422
0.36938,0.98422
0.36944,0.98422
0.36951,0.98422
0.36958,0.98422
0.36965,0.98422
0.36972,0.98422
0.36978,0.98422
0.36985,0.98422
0.36992,0.98422
0.36999,0.98422
0.37006,0.98422
0.37013,0.98422
0.37019,0.98422
0.37026,0.98422
0.37033,0.98422
0.37040,0.98422
0.37047,0.98422
0.37053,0.98422
0.37060,0.98422
0.37067,0.98422
0.37074,0.98422
0.37081,0.98422
0.37088,0.98422
0.37094,0.98422
0.37101,0.98422
0.37108,0.98422
0.37115,0.98422
0.37122,0.98422
0.37128,0.98422
0.37135,0.98422
0.37142,0.98422
0.37149,0.98422
0.37156,0.98422
0.37163,0.98422
0.37169,0.98422
0.37176,0.98422
0.37183,0.98422
0.37190,0.98422
0.37197,0.98422
0.37203,0.98422
0.37210,0.98422
0.37217,0.98422
0.37224,0.98422
0.37231,0.98422
0.37238,0.98422
0.37244,0.98422
0.37251,0.98422
0.37258,0.98422
0.37265,0.98422
0.37272,0.98422
0.37278,0.98422
0.37285,0.98422
0.37292,0.98422
0.37299,0.98422
0.37306,0.98422
0.37313,0.98422
0.37319,0.98422
0.37326,0.98422
0.37333,0.98422
0.37340,0.98422
0.37347,0.98422
0.37353,0.98422
0.37360,0.98422
0.37367,0.98422
0.37374,0.98422
0.37381,0.98422
0.37388,0.98422
0.37394,0.98422
0.37401,0.98422
0.37408,0.98422
0.37415,0.98422
0.37422,0.98422
0.37428,0.98422
0.37435,0.98422
0.37442,0.98422
0.37449,0.98422
0.37456,0.98422
0.37463,0.98422
0.37469,0.98422
0.37476,0.98422
0.37483,0.98422
0.37490,0.98422
0.37497,0.98422
0.37503,0.98422
0.37510,0.98422
0.37517,0.98422
0.37524,0.98422
0.37531,0.98422
0.37537,0.98422
0.37544,0.98422
0.37551,0.98422
0.37558,0.98422
0.37565,0.98422
0.37572,0.98422
0.37578,0.98422
0.37585,0.98422
0.37592,0.98422
0.37599,0.98422
0.37606,0.98422
0.37612,0.98422
0.37619,0.98422
0.37626,0.98422
0.37633,0.98422
0.37640,0.98422
0.37647,0.98422
0.37653,0.98422
0.37660,0.98422
0.37667,0.98422
0.37674,0.98422
0.37681,0.98422
0.37687,0.98422
0.37694,0.98422
0.37701,0.98422
0.37708,0.98422
0.37715,0.98422
0.37722,0.98422
0.37728,0.98422
0.37735,0.98422
0.37742,0.98422
0.37749,0.98422
0.37756,0.98422
0.37762,0.98422
0.37769,0.98422
0.37776,0.98422
0.37783,0.98422
0.37790,0.98422
0.37797,0.98422
0.37803,0.98422
0.37810,0.98422
0.37817,0.98422
0.37824,0.98422
0.37831,0.98422
0.37837,0.98422
0.37844,0.98422
0.37851,0.98422
0.37858,0.98422
0.37865,0.98422
0.37872,0.98422
0.37878,0.98422
0.37885,0.98422
0.37892,0.98422
0.37899,0.98422
0.37906,0.98422
0.37912,0.98422
0.37919,0.98422
0.37926,0.98422
0.37933,0.98422
0.37940,0.98422
0.37947,0.98422
0.37953,0.98422
0.37960,0.98422
0.37967,0.98422
0.37974,0.98422
0.37981,0.98422
0.37987,0.98422
0.37994,0.98422
0.38001,0.98422
0.38008,0.98422
0.38015,0.98422
0.38022,0.98422
0.38028,0.98422
0.38035,0.98422
0.38042,0.98422
0.38049,0.98422
0.38056,0.98422
0.38062,0.98422
0.38069,0.98422
0.38076,0.98422
0.38083,0.98422
0.38090,0.98422
0.38097,0.98422
0.38103,0.98422
0.38110,0.98422
0.38117,0.98422
0.38124,0.98422
0.38131,0.98422
0.38137,0.98422
0.38144,0.98422
0.38151,0.98422
0.38158,0.98422
0.38165,0.98422
0.38172,0.98422
0.38178,0.98422
0.38185,0.98422
0.38192,0.98422
0.38199,0.98422
0.38206,0.98422
0.38212,0.98422
0.38219,0.98422
0.38226,0.98422
0.38233,0.98422
0.38240,0.98422
0.38247,0.98422
0.38253,0.98422
0.38260,0.98422
0.38267,0.98422
0.38274,0.98422
0.38281,0.98422
0.38287,0.98422
0.38294,0.98422
0.38301,0.98422
0.38308,0.98422
0.38315,0.98422
0.38322,0.98422
0.38328,0.98422
0.38335,0.98422
0.38342,0.98422
0.38349,0.98422
0.38349,0.98505
0.38356,0.98505
0.38362,0.98505
0.38369,0.98505
0.38376,0.98505
0.38383,0.98505
0.38390,0.98505
0.38397,0.98505
0.38403,0.98505
0.38410,0.98505
0.38417,0.98505
0.38424,0.98505
0.38431,0.98505
0.38437,0.98505
0.38444,0.98505
0.38451,0.98505
0.38458,0.98505
0.38465,0.98505
0.38472,0.98505
0.38478,0.98505
0.38485,0.98505
0.38492,0.98505
0.38499,0.98505
0.38506,0.98505
0.38512,0.98505
0.38519,0.98505
0.38526,0.98505
0.38533,0.98505
0.38540,0.98505
0.38546,0.98505
0.38553,0.98505
0.38560,0.98505
0.38567,0.98505
0.38574,0.98505
0.38581,0.98505
0.38587,0.98505
0.38594,0.98505
0.38601,0.98505
0.38608,0.98505
0.38615,0.98505
0.38621,0.98505
0.38628,0.98505
0.38635,0.98505
0.38642,0.98505
0.38649,0.98505
0.38656,0.98505
0.38662,0.98505
0.38669,0.98505
0.38676,0.98505
0.38683,0.98505
0.38690,0.98505
0.38696,0.98505
0.38703,0.98505
0.38710,0.98505
0.38717,0.98505
0.38724,0.98505
0.38731,0.98505
0.38737,0.98505
0.38744,0.98505
0.38751,0.98505
0.38758,0.98505
0.38765,0.98505
0.38771,0.98505
0.38778,0.98505
0.38785,0.98505
0.38792,0.98505
0.38799,0.98505
0.38806,0.98505
0.38812,0.98505
0.38819,0.98505
0.38826,0.98505
0.38833,0.98505
0.38840,0.98505
0.38846,0.98505
0.38853,0.98505
0.38860,0.98505
0.38867,0.98505
0.38874,0.98505
0.38881,0.98505
0.38887,0.98505
0.38894,0.98505
0.38901,0.98505
0.38908,0.98505
0.38915,0.98505
0.38921,0.98505
0.38928,0.98505
0.38935,0.98505
0.38942,0.98505
0.38949,0.98505
0.38956,0.98505
0.38962,0.98505
0.38969,0.98505
0.38976,0.98505
0.38983,0.98505
0.38990,0.98505
0.38996,0.98505
0.39003,0.98505
0.39010,0.98505
0.39017,0.98505
0.39024,0.98505
0.39031,0.98505
0.39037,0.98505
0.39044,0.98505
0.39051,0.98505
0.39058,0.98505
0.39065,0.98505
0.39071,0.98505
0.39078,0.98505
0.39085,0.98505
0.39092,0.98505
0.39099,0.98505
0.39106,0.98505
0.39112,0.98505
0.39119,0.98505
0.39126,0.98505
0.39133,0.98505
0.39140,0.98505
0.39146,0.98505
0.39153,0.98505
0.39160,0.98505
0.39167,0.98505
0.39174,0.98505
0.39181,0.98505
0.39187,0.98505
0.39194,0.98505
0.39201,0.98505
0.39208,0.98505
0.39215,0.98505
0.39221,0.98505
0.39228,0.98505
0.39235,0.98505
0.39242,0.98505
0.39249,0.98505
0.39256,0.98505
0.39262,0.98505
0.39269,0.98505
0.39276,0.98505
0.39283,0.98505
0.39290,0.98505
0.39296,0.98505
0.39303,0.98505
0.39310,0.98505
0.39317,0.98505
0.39324,0.98505
0.39331,0.98505
0.39337,0.98505
0.39344,0.98505
0.39351,0.98505
0.39358,0.98505
0.39365,0.98505
0.39371,0.98505
0.39378,0.98505
0.39385,0.98505
0.39392,0.98505
0.39399,0.98505
0.39406,0.98505
0.39412,0.98505
0.39419,0.98505
0.39426,0.98505
0.39433,0.98505
0.39440,0.98505
0.39446,0.98505
0.39453,0.98505
0.39460,0.98505
0.39467,0.98505
0.39474,0.98505
0.39481,0.98505
0.39487,0.98505
0.39494,0.98505
0.39501,0.98505
0.39508,0.98505
0.39515,0.98505
0.39521,0.98505
0.39528,0.98505
0.39535,0.98505
0.39542,0.98505
0.39549,0.98505
0.39555,0.98505
0.39562,0.98505
0.39569,0.98505
0.39576,0.98505
0.39583,0.98505
0.39590,0.98505
0.39596,0.98505
0.39603,0.98505
0.39610,0.98505
0.39617,0.98505
0.39624,0.98505
0.39630,0.98505
0.39637,0.98505
0.39644,0.98505
0.39651,0.98505
0.39658,0.98505
0.39665,0.98505
0.39671,0.98505
0.39678,0.98505
0.39685,0.98505
0.39692,0.98505
0.39699,0.98505
0.39705,0.98505
0.39712,0.98505
0.39719,0.98505
0.39726,0.98505
0.39733,0.98505
0.39740,0.98505
0.39746,0.98505
0.39753,0.98505
0.39760,0.98505
0.39767,0.98505
0.39774,0.98505
0.39780,0.98505
0.39787,0.98505
0.39794,0.98505
0.39801,0.98505
0.39808,0.98505
0.39815,0.98505
0.39821,0.98505
0.39828,0.98505
0.39835,0.98505
0.39842,0.98505
0.39849,0.98505
0.39855,0.98505
0.39862,0.98505
0.39869,0.98505
0.39876,0.98505
0.39883,0.98505
0.39890,0.98505
0.39896,0.98505
0.39903,0.98505
0.39910,0.98505
0.39917,0.98505
0.39924,0.98505
0.39930,0.98505
0.39937,0.98505
0.39944,0.98505
0.39951,0.98505
0.39958,0.98505
0.39965,0.98505
0.39971,0.98505
0.39978,0.98505
0.39985,0.98505
0.39992,0.98505
0.39999,0.98505
0.40005,0.98505
0.40012,0.98505
0.40019,0.98505
0.40026,0.98505
0.40033,0.98505
0.40040,0.98505
0.40046,0.98505
0.40053,0.98505
0.40060,0.98505
0.40067,0.98505
0.40074,0.98505
0.40080,0.98505
0.40087,0.98505
0.40094,0.98505
0.40101,0.98505
0.40108,0.98505
0.40115,0.98505
0.40121,0.98505
0.40128,0.98505
0.40135,0.98505
0.40142,0.98505
0.40149,0.98505
0.40155,0.98505
0.40162,0.98505
0.40169,0.98505
0.40176,0.98505
0.40183,0.98505
0.40190,0.98505
0.40196,0.98505
0.40203,0.98505
0.40210,0.98505
0.40217,0.98505
0.40224,0.98505
0.40230,0.98505
0.40237,0.98505
0.40244,0.98505
0.40251,0.98505
0.40258,0.98505
0.40265,0.98505
0.40271,0.98505
0.40278,0.98505
0.40285,0.98505
0.40292,0.98505
0.40299,0.98505
0.40305,0.98505
0.40312,0.98505
0.40319,0.98505
0.40326,0.98505
0.40333,0.98505
0.40340,0.98505
0.40346,0.98505
0.40353,0.98505
0.40360,0.98505
0.40367,0.98505
0.40374,0.98505
0.40380,0.98505
0.40387,0.98505
0.40394,0.98505
0.40401,0.98505
0.40408,0.98505
0.40415,0.98505
0.40421,0.98505
0.40428,0.98505
0.40435,0.98505
0.40442,0.98505
0.40449,0.98505
0.40455,0.98505
0.40462,0.98505
0.40469,0.98505
0.40476,0.98505
0.40483,0.98505
0.40490,0.98505
0.40496,0.98505
0.40503,0.98505
0.40510,0.98505
0.40517,0.98505
0.40524,0.98505
0.40530,0.98505
0.40537,0.98505
0.40544,0.98505
0.40551,0.98505
0.40558,0.98505
0.40564,0.98505
0.40571,0.98505
0.40578,0.98505
0.40585,0.98505
0.40592,0.98505
0.40599,0.98505
0.40605,0.98505
0.40612,0.98505
0.40619,0.98505
0.40626,0.98505
0.40633,0.98505
0.40639,0.98505
0.40646,0.98505
0.40653,0.98505
0.40660,0.98505
0.40667,0.98505
0.40674,0.98505
0.40680,0.98505
0.40687,0.98505
0.40694,0.98505
0.40701,0.98505
0.40708,0.98505
0.40714,0.98505
0.40721,0.98505
0.40728,0.98505
0.40735,0.98505
0.40742,0.98505
0.40749,0.98505
0.40755,0.98505
0.40762,0.98505
0.40769,0.98505
0.40776,0.98505
0.40783,0.98505
0.40789,0.98505
0.40796,0.98505
0.40803,0.98505
0.40810,0.98505
0.40817,0.98505
0.40824,0.98505
0.40830,0.98505
0.40837,0.98505
0.40844,0.98505
0.40851,0.98505
0.40858,0.98505
0.40864,0.98505
0.40871,0.98505
0.40878,0.98505
0.40885,0.98505
0.40892,0.98505
0.40899,0.98505
0.40905,0.98505
0.40912,0.98505
0.40919,0.98505
0.40926,0.98505
0.40933,0.98505
0.40939,0.98505
0.40946,0.98505
0.40953,0.98505
0.40960,0.98505
0.40967,0.98505
0.40974,0.98505
0.40980,0.98505
0.40987,0.98505
0.40994,0.98505
0.41001,0.98505
0.41008,0.98505
0.41014,0.98505
0.41021,0.98505
0.41028,0.98505
0.41035,0.98505
0.41042,0.98505
0.41049,0.98505
0.41055,0.98505
0.41062,0.98505
0.41069,0.98505
0.41076,0.98505
0.41083,0.98505
0.41089,0.98505
0.41096,0.98505
0.41103,0.98505
0.41110,0.98505
0.41117,0.98505
0.41124,0.98505
0.41130,0.98505
0.41137,0.98505
0.41144,0.98505
0.41151,0.98505
0.41158,0.98505
0.41164,0.98505
0.41171,0.98505
0.41178,0.98505
0.41185,0.98505
0.41192,0.98505
0.41199,0.98505
0.41205,0.98505
0.41212,0.98505
0.41219,0.98505
0.41226,0.98505
0.41233,0.98505
0.41239,0.98505
0.41246,0.98505
0.41253,0.98505
0.41260,0.98505
0.41267,0.98505
0.41274,0.98505
0.41280,0.98505
0.41287,0.98505
0.41294,0.98505
0.41301,0.98505
0.41308,0.98505
0.41314,0.98505
0.41321,0.98505
0.41328,0.98505
0.41335,0.98505
0.41342,0.98505
0.41349,0.98505
0.41355,0.98505
0.41362,0.98505
0.41369,0.98505
0.41376,0.98505
0.41383,0.98505
0.41389,0.98505
0.41396,0.98505
0.41403,0.98505
0.41410,0.98505
0.41417,0.98505
0.41424,0.98505
0.41430,0.98505
0.41437,0.98505
0.41444,0.98505
0.41451,0.98505
0.41458,0.98505
0.41464,0.98505
0.41471,0.98505
0.41478,0.98505
0.41485,0.98505
0.41492,0.98505
0.41499,0.98505
0.41505,0.98505
0.41512,0.98505
0.41519,0.98505
0.41526,0.98505
0.41533,0.98505
0.41539,0.98505
0.41546,0.98505
0.41553,0.98505
0.41560,0.98505
0.41567,0.98505
0.41573,0.98505
0.41580,0.98505
0.41587,0.98505
0.41594,0.98505
0.41601,0.98505
0.41608,0.98505
0.41614,0.98505
0.41621,0.98505
0.41628,0.98505
0.41635,0.98505
0.41642,0.98505
0.41648,0.98505
0.41655,0.98505
0.41662,0.98505
0.41669,0.98505
0.41676,0.98505
0.41683,0.98505
0.41689,0.98505
0.41696,0.98505
0.41703,0.98505
0.41710,0.98505
0.41717,0.98505
0.41723,0.98505
0.41730,0.98505
0.41737,0.98505
0.41744,0.98505
0.41751,0.98505
0.41758,0.98505
0.41764,0.98505
0.41771,0.98505
0.41778,0.98505
0.41785,0.98505
0.41792,0.98505
0.41798,0.98505
0.41805,0.98505
0.41812,0.98505
0.41819,0.98505
0.41826,0.98505
0.41833,0.98505
0.41839,0.98505
0.41846,0.98505
0.41853,0.98505
0.41860,0.98505
0.41867,0.98505
0.41873,0.98505
0.41880,0.98505
0.41887,0.98505
0.41894,0.98505
0.41901,0.98505
0.41908,0.98505
0.41914,0.98505
0.41921,0.98505
0.41928,0.98505
0.41935,0.98505
0.41942,0.98505
0.41948,0.98505
0.41955,0.98505
0.41962,0.98505
0.41969,0.98505
0.41976,0.98505
0.41983,0.98505
0.41989,0.98505
0.41996,0.98505
0.42003,0.98505
0.42010,0.98505
0.42017,0.98505
0.42023,0.98505
0.42030,0.98505
0.42037,0.98505
0.42044,0.98505
0.42051,0.98505
0.42058,0.98505
0.42064,0.98505
0.42071,0.98505
0.42078,0.98505
0.42085,0.98505
0.42092,0.98505
0.42098,0.98505
0.42105,0.98505
0.42112,0.98505
0.42119,0.98505
0.42126,0.98505
0.42133,0.98505
0.42139,0.98505
0.42146,0.98505
0.42153,0.98505
0.42160,0.98505
0.42167,0.98505
0.42173,0.98505
0.42180,0.98505
0.42187,0.98505
0.42194,0.98505
0.42201,0.98505
0.42208,0.98505
0.42214,0.98505
0.42221,0.98505
0.42228,0.98505
0.42235,0.98505
0.42242,0.98505
0.42248,0.98505
0.42255,0.98505
0.42262,0.98505
0.42269,0.98505
0.42276,0.98505
0.42283,0.98505
0.42289,0.98505
0.42296,0.98505
0.42303,0.98505
0.42310,0.98505
0.42317,0.98505
0.42323,0.98505
0.42330,0.98505
0.42337,0.98505
0.42344,0.98505
0.42351,0.98505
0.42358,0.98505
0.42364,0.98505
0.42371,0.98505
0.42378,0.98505
0.42385,0.98505
0.42392,0.98505
0.42398,0.98505
0.42405,0.98505
0.42412,0.98505
0.42419,0.98505
0.42426,0.98505
0.42433,0.98505
0.42439,0.98505
0.42446,0.98505
0.42453,0.98505
0.42460,0.98505
0.42467,0.98505
0.42473,0.98505
0.42480,0.98505
0.42487,0.98505
0.42494,0.98505
0.42501,0.98505
0.42507,0.98505
0.42514,0.98505
0.42521,0.98505
0.42528,0.98505
0.42535,0.98505
0.42542,0.98505
0.42548,0.98505
0.42555,0.98505
0.42562,0.98505
0.42569,0.98505
0.42576,0.98505
0.42582,0.98505
0.42589,0.98505
0.42596,0.98505
0.42603,0.98505
0.42610,0.98505
0.42617,0.98505
0.42623,0.98505
0.42630,0.98505
0.42637,0.98505
0.42644,0.98505
0.42651,0.98505
0.42657,0.98505
0.42664,0.98505
0.42671,0.98505
0.42678,0.98505
0.42685,0.98505
0.42692,0.98505
0.42698,0.98505
0.42705,0.98505
0.42712,0.98505
0.42719,0.98505
0.42726,0.98505
0.42732,0.98505
0.42739,0.98505
0.42746,0.98505
0.42753,0.98505
0.42760,0.98505
0.42767,0.98505
0.42773,0.98505
0.42780,0.98505
0.42787,0.98505
0.42794,0.98505
0.42801,0.98505
0.42807,0.98505
0.42814,0.98505
0.42821,0.98505
0.42828,0.98505
0.42835,0.98505
0.42842,0.98505
0.42848,0.98505
0.42855,0.98505
0.42862,0.98505
0.42869,0.98505
0.42876,0.98505
0.42882,0.98505
0.42889,0.98505
0.42896,0.98505
0.42903,0.98505
0.42910,0.98505
0.42917,0.98505
0.42923,0.98505
0.42930,0.98505
0.42937,0.98505
0.42944,0.98505
0.42951,0.98505
0.42957,0.98505
0.42964,0.98505
0.42971,0.98505
0.42978,0.98505
0.42985,0.98505
0.42992,0.98505
0.42998,0.98505
0.43005,0.98505
0.43012,0.98505
0.43019,0.98505
0.43026,0.98505
0.43032,0.98505
0.43039,0.98505
0.43046,0.98505
0.43053,0.98505
0.43060,0.98505
0.43067,0.98505
0.43073,0.98505
0.43080,0.98505
0.43087,0.98505
0.43094,0.98505
0.43101,0.98505
0.43107,0.98505
0.43114,0.98505
0.43121,0.98505
0.43128,0.98505
0.43135,0.98505
0.43142,0.98505
0.43148,0.98505
0.43155,0.98505
0.43162,0.98505
0.43169,0.98505
0.43176,0.98505
0.43182,0.98505
0.43189,0.98505
0.43196,0.98505
0.43203,0.98505
0.43210,0.98505
0.43217,0.98505
0.43223,0.98505
0.43230,0.98505
0.43237,0.98505
0.43244,0.98505
0.43251,0.98505
0.43257,0.98505
0.43264,0.98505
0.43271,0.98505
0.43278,0.98505
0.43285,0.98505
0.43292,0.98505
0.43298,0.98505
0.43305,0.98505
0.43312,0.98505
0.43319,0.98505
0.43326,0.98505
0.43332,0.98505
0.43339,0.98505
0.43346,0.98505
0.43353,0.98505
0.43360,0.98505
0.43367,0.98505
0.43373,0.98505
0.43380,0.98505
0.43387,0.98505
0.43394,0.98505
0.43401,0.98505
0.43407,0.98505
0.43414,0.98505
0.43421,0.98505
0.43428,0.98505
0.43435,0.98505
0.43442,0.98505
0.43448,0.98505
0.43455,0.98505
0.43462,0.98505
0.43469,0.98505
0.43476,0.98505
0.43482,0.98505
0.43489,0.98505
0.43496,0.98505
0.43503,0.98505
0.43510,0.98505
0.43516,0.98505
0.43523,0.98505
0.43530,0.98505
0.43537,0.98505
0.43544,0.98505
0.43551,0.98505
0.43557,0.98505
0.43564,0.98505
0.43571,0.98505
0.43578,0.98505
0.43585,0.98505
0.43591,0.98505
0.43598,0.98505
0.43605,0.98505
0.43612,0.98505
0.43619,0.98505
0.43626,0.98505
0.43632,0.98505
0.43639,0.98505
0.43646,0.98505
0.43653,0.98505
0.43660,0.98505
0.43666,0.98505
0.43673,0.98505
0.43680,0.98505
0.43687,0.98505
0.43694,0.98505
0.43701,0.98505
0.43707,0.98505
0.43714,0.98505
0.43721,0.98505
0.43728,0.98505
0.43735,0.98505
0.43741,0.98505
0.43748,0.98505
0.43755,0.98505
0.43762,0.98505
0.43769,0.98505
0.43776,0.98505
0.43782,0.98505
0.43789,0.98505
0.43796,0.98505
0.43803,0.98505
0.43810,0.98505
0.43816,0.98505
0.43823,0.98505
0.43830,0.98505
0.43837,0.98505
0.43844,0.98505
0.43851,0.98505
0.43857,0.98505
0.43864,0.98505
0.43871,0.98505
0.43878,0.98505
0.43885,0.98505
0.43891,0.98505
0.43898,0.98505
0.43905,0.98505
0.43912,0.98505
0.43919,0.98505
0.43926,0.98505
0.43932,0.98505
0.43939,0.98505
0.43946,0.98505
0.43953,0.98505
0.43960,0.98505
0.43966,0.98505
0.43973,0.98505
0.43980,0.98505
0.43987,0.98505
0.43994,0.98505
0.44001,0.98505
0.44007,0.98505
0.44014,0.98505
0.44021,0.98505
0.44028,0.98505
0.44035,0.98505
0.44041,0.98505
0.44048,0.98505
0.44055,0.98505
0.44062,0.98505
0.44069,0.98505
0.44076,0.98505
0.44082,0.98505
0.44089,0.98505
0.44096,0.98505
0.44103,0.98505
0.44110,0.98505
0.44116,0.98505
0.44123,0.98505
0.44130,0.98505
0.44137,0.98505
0.44144,0.98505
0.44151,0.98505
0.44157,0.98505
0.44164,0.98505
0.44171,0.98505
0.44178,0.98505
0.44185,0.98505
0.44191,0.98505
0.44198,0.98505
0.44205,0.98505
0.44212,0.98505
0.44219,0.98505
0.44226,0.98505
0.44232,0.98505
0.44239,0.98505
0.44246,0.98505
0.44253,0.98505
0.44260,0.98505
0.44266,0.98505
0.44273,0.98505
0.44280,0.98505
0.44287,0.98505
0.44294,0.98505
0.44301,0.98505
0.44307,0.98505
0.44314,0.98505
0.44321,0.98505
0.44328,0.98505
0.44335,0.98505
0.44341,0.98505
0.44348,0.98505
0.44355,0.98505
0.44362,0.98505
0.44369,0.98505
0.44376,0.98505
0.44382,0.98505
0.44389,0.98505
0.44396,0.98505
0.44403,0.98505
0.44410,0.98505
0.44416,0.98505
0.44423,0.98505
0.44430,0.98505
0.44437,0.98505
0.44444,0.98505
0.44451,0.98505
0.44457,0.98505
0.44464,0.98505
0.44471,0.98505
0.44478,0.98505
0.44485,0.98505
0.44491,0.98505
0.44498,0.98505
0.44505,0.98505
0.44512,0.98505
0.44519,0.98505
0.44525,0.98505
0.44532,0.98505
0.44539,0.98505
0.44546,0.98505
0.44553,0.98505
0.44560,0.98505
0.44566,0.98505
0.44573,0.98505
0.44580,0.98505
0.44587,0.98505
0.44594,0.98505
0.44600,0.98505
0.44607,0.98505
0.44614,0.98505
0.44621,0.98505
0.44628,0.98505
0.44635,0.98505
0.44641,0.98505
0.44648,0.98505
0.44655,0.98505
0.44662,0.98505
0.44669,0.98505
0.44675,0.98505
0.44682,0.98505
0.44689,0.98505
0.44696,0.98505
0.44703,0.98505
0.44710,0.98505
0.44716,0.98505
0.44723,0.98505
0.44730,0.98505
0.44737,0.98505
0.44744,0.98505
0.44750,0.98505
0.44757,0.98505
0.44764,0.98505
0.44771,0.98505
0.44778,0.98505
0.44785,0.98505
0.44791,0.98505
0.44798,0.98505
0.44805,0.98505
0.44812,0.98505
0.44819,0.98505
0.44825,0.98505
0.44832,0.98505
0.44839,0.98505
0.44846,0.98505
0.44853,0.98505
0.44860,0.98505
0.44866,0.98505
0.44873,0.98505
0.44880,0.98505
0.44887,0.98505
0.44894,0.98505
0.44900,0.98505
0.44907,0.98505
0.44914,0.98505
0.44921,0.98505
0.44928,0.98505
0.44935,0.98505
0.44941,0.98505
0.44948,0.98505
0.44955,0.98505
0.44962,0.98505
0.44969,0.98505
0.44975,0.98505
0.44982,0.98505
0.44989,0.98505
0.44996,0.98505
0.45003,0.98505
0.45010,0.98505
0.45016,0.98505
0.45023,0.98505
0.45030,0.98505
0.45037,0.98505
0.45044,0.98505
0.45050,0.98505
0.45057,0.98505
0.45064,0.98505
0.45071,0.98505
0.45078,0.98505
0.45085,0.98505
0.45091,0.98505
0.45098,0.98505
0.45105,0.98505
0.45112,0.98505
0.45119,0.98505
0.45125,0.98505
0.45132,0.98505
0.45139,0.98505
0.45146,0.98505
0.45153,0.98505
0.45160,0.98505
0.45166,0.98505
0.45173,0.98505
0.45180,0.98505
0.45187,0.98505
0.45194,0.98505
0.45200,0.98505
0.45207,0.98505
0.45214,0.98505
0.45221,0.98505
0.45228,0.98505
0.45235,0.98505
0.45241,0.98505
0.45248,0.98505
0.45255,0.98505
0.45262,0.98505
0.45269,0.98505
0.45275,0.98505
0.45282,0.98505
0.45289,0.98505
0.45296,0.98505
0.45303,0.98505
0.45310,0.98505
0.45316,0.98505
0.45323,0.98505
0.45330,0.98505
0.45337,0.98505
0.45344,0.98505
0.45350,0.98505
0.45357,0.98505
0.45364,0.98505
0.45371,0.98505
0.45378,0.98505
0.45385,0.98505
0.45391,0.98505
0.45398,0.98505
0.45405,0.98505
0.45412,0.98505
0.45419,0.98505
0.45425,0.98505
0.45432,0.98505
0.45439,0.98505
0.45446,0.98505
0.45453,0.98505
0.45460,0.98505
0.45466,0.98505
0.45473,0.98505
0.45480,0.98505
0.45487,0.98505
0.45494,0.98505
0.45500,0.98505
0.45507,0.98505
0.45514,0.98505
0.45521,0.98505
0.45528,0.98505
0.45534,0.98505
0.45541,0.98505
0.45548,0.98505
0.45555,0.98505
0.45562,0.98505
0.45569,0.98505
0.45575,0.98505
0.45582,0.98505
0.45589,0.98505
0.45596,0.98505
0.45603,0.98505
0.45609,0.98505
0.45616,0.98505
0.45623,0.98505
0.45630,0.98505
0.45637,0.98505
0.45644,0.98505
0.45650,0.98505
0.45657,0.98505
0.45664,0.98505
0.45671,0.98505
0.45678,0.98505
0.45684,0.98505
0.45691,0.98505
0.45698,0.98505
0.45705,0.98505
0.45712,0.98505
0.45719,0.98505
0.45725,0.98505
0.45732,0.98505
0.45739,0.98505
0.45746,0.98505
0.45753,0.98505
0.45759,0.98505
0.45766,0.98505
0.45773,0.98505
0.45780,0.98505
0.45787,0.98505
0.45794,0.98505
0.45800,0.98505
0.45807,0.98505
0.45814,0.98505
0.45821,0.98505
0.45828,0.98505
0.45834,0.98505
0.45841,0.98505
0.45848,0.98505
0.45855,0.98505
0.45862,0.98505
0.45869,0.98505
0.45875,0.98505
0.45882,0.98505
0.45889,0.98505
0.45896,0.98505
0.45903,0.98505
0.45909,0.98505
0.45916,0.98505
0.45923,0.98505
0.45930,0.98505
0.45937,0.98505
0.45944,0.98505
0.45950,0.98505
0.45957,0.98505
0.45964,0.98505
0.45971,0.98505
0.45978,0.98505
0.45984,0.98505
0.45991,0.98505
0.45998,0.98505
0.46005,0.98505
0.46012,0.98505
0.46019,0.98505
0.46025,0.98505
0.46032,0.98505
0.46039,0.98505
0.46046,0.98505
0.46053,0.98505
0.46059,0.98505
0.46066,0.98505
0.46073,0.98505
0.46080,0.98505
0.46087,0.98505
0.46094,0.98505
0.46100,0.98505
0.46107,0.98505
0.46114,0.98505
0.46121,0.98505
0.46128,0.98505
0.46134,0.98505
0.46141,0.98505
0.46148,0.98505
0.46155,0.98505
0.46162,0.98505
0.46169,0.98505
0.46175,0.98505
0.46182,0.98505
0.46189,0.98505
0.46196,0.98505
0.46203,0.98505
0.46209,0.98505
0.46216,0.98505
0.46223,0.98505
0.46230,0.98505
0.46237,0.98505
0.46244,0.98505
0.46250,0.98505
0.46257,0.98505
0.46264,0.98505
0.46271,0.98505
0.46278,0.98505
0.46284,0.98505
0.46291,0.98505
0.46298,0.98505
0.46305,0.98505
0.46312,0.98505
0.46319,0.98505
0.46325,0.98505
0.46332,0.98505
0.46339,0.98505
0.46346,0.98505
0.46353,0.98505
0.46359,0.98505
0.46366,0.98505
0.46373,0.98505
0.46380,0.98505
0.46387,0.98505
0.46394,0.98505
0.46400,0.98505
0.46407,0.98505
0.46414,0.98505
0.46421,0.98505
0.46428,0.98505
0.46434,0.98505
0.46441,0.98505
0.46448,0.98505
0.46455,0.98505
0.46462,0.98505
0.46469,0.98505
0.46475,0.98505
0.46482,0.98505
0.46489,0.98505
0.46496,0.98505
0.46503,0.98505
0.46509,0.98505
0.46516,0.98505
0.46523,0.98505
0.46530,0.98505
0.46537,0.98505
0.46543,0.98505
0.46550,0.98505
0.46557,0.98505
0.46564,0.98505
0.46571,0.98505
0.46578,0.98505
0.46584,0.98505
0.46591,0.98505
0.46598,0.98505
0.46605,0.98505
0.46612,0.98505
0.46618,0.98505
0.46625,0.98505
0.46632,0.98505
0.46639,0.98505
0.46646,0.98505
0.46653,0.98505
0.46659,0.98505
0.46666,0.98505
0.46673,0.98505
0.46680,0.98505
0.46687,0.98505
0.46693,0.98505
0.46700,0.98505
0.46707,0.98505
0.46714,0.98505
0.46721,0.98505
0.46728,0.98505
0.46734,0.98505
0.46741,0.98505
0.46748,0.98505
0.46755,0.98505
0.46762,0.98505
0.46768,0.98505
0.46775,0.98505
0.46782,0.98505
0.46789,0.98505
0.46796,0.98505
0.46803,0.98505
0.46809,0.98505
0.46816,0.98505
0.46823,0.98505
0.46830,0.98505
0.46837,0.98505
0.46843,0.98505
0.46850,0.98505
0.46857,0.98505
0.46864,0.98505
0.46871,0.98505
0.46878,0.98505
0.46884,0.98505
0.46891,0.98505
0.46898,0.98505
0.46905,0.98505
0.46912,0.98505
0.46918,0.98505
0.46925,0.98505
0.46932,0.98505
0.46939,0.98505
0.46946,0.98505
0.46953,0.98505
0.46959,0.98505
0.46966,0.98505
0.46973,0.98505
0.46980,0.98505
0.46987,0.98505
0.46993,0.98505
0.47000,0.98505
0.47007,0.98505
0.47014,0.98505
0.47021,0.98505
0.47028,0.98505
0.47034,0.98505
0.47041,0.98505
0.47048,0.98505
0.47055,0.98505
0.47062,0.98505
0.47068,0.98505
0.47075,0.98505
0.47082,0.98505
0.47089,0.98505
0.47096,0.98505
0.47103,0.98505
0.47109,0.98505
0.47116,0.98505
0.47123,0.98505
0.47130,0.98505
0.47137,0.98505
0.47143,0.98505
0.47150,0.98505
0.47157,0.98505
0.47164,0.98505
0.47171,0.98505
0.47178,0.98505
0.47184,0.98505
0.47191,0.98505
0.47198,0.98505
0.47205,0.98505
0.47212,0.98505
0.47218,0.98505
0.47225,0.98505
0.47232,0.98505
0.47239,0.98505
0.47246,0.98505
0.47253,0.98505
0.47259,0.98505
0.47266,0.98505
0.47273,0.98505
0.47280,0.98505
0.47287,0.98505
0.47293,0.98505
0.47300,0.98505
0.47307,0.98505
0.47314,0.98505
0.47321,0.98505
0.47328,0.98505
0.47334,0.98505
0.47341,0.98505
0.47348,0.98505
0.47355,0.98505
0.47362,0.98505
0.47368,0.98505
0.47375,0.98505
0.47382,0.98505
0.47389,0.98505
0.47396,0.98505
0.47403,0.98505
0.47409,0.98505
0.47416,0.98505
0.47423,0.98505
0.47430,0.98505
0.47437,0.98505
0.47443,0.98505
0.47450,0.98505
0.47457,0.98505
0.47464,0.98505
0.47471,0.98505
0.47478,0.98505
0.47484,0.98505
0.47491,0.98505
0.47498,0.98505
0.47505,0.98505
0.47512,0.98505
0.47518,0.98505
0.47525,0.98505
0.47532,0.98505
0.47539,0.98505
0.47546,0.98505
0.47552,0.98505
0.47559,0.98505
0.47566,0.98505
0.47573,0.98505
0.47580,0.98505
0.47587,0.98505
0.47593,0.98505
0.47600,0.98505
0.47607,0.98505
0.47614,0.98505
0.47621,0.98505
0.47627,0.98505
0.47634,0.98505
0.47641,0.98505
0.47648,0.98505
0.47655,0.98505
0.47662,0.98505
0.47668,0.98505
0.47675,0.98505
0.47682,0.98505
0.47689,0.98505
0.47696,0.98505
0.47702,0.98505
0.47709,0.98505
0.47716,0.98505
0.47723,0.98505
0.47730,0.98505
0.47737,0.98505
0.47743,0.98505
0.47750,0.98505
0.47757,0.98505
0.47764,0.98505
0.47771,0.98505
0.47777,0.98505
0.47784,0.98505
0.47791,0.98505
0.47798,0.98505
0.47805,0.98505
0.47812,0.98505
0.47818,0.98505
0.47825,0.98505
0.47832,0.98505
0.47839,0.98505
0.47846,0.98505
0.47852,0.98505
0.47859,0.98505
0.47866,0.98505
0.47873,0.98505
0.47880,0.98505
0.47887,0.98505
0.47893,0.98505
0.47900,0.98505
0.47907,0.98505
0.47914,0.98505
0.47921,0.98505
0.47927,0.98505
0.47934,0.98505
0.47941,0.98505
0.47948,0.98505
0.47955,0.98505
0.47962,0.98505
0.47968,0.98505
0.47975,0.98505
0.47982,0.98505
0.47989,0.98505
0.47996,0.98505
0.48002,0.98505
0.48009,0.98505
0.48016,0.98505
0.48023,0.98505
0.48030,0.98505
0.48037,0.98505
0.48043,0.98505
0.48050,0.98505
0.48057,0.98505
0.48064,0.98505
0.48071,0.98505
0.48077,0.98505
0.48084,0.98505
0.48091,0.98505
0.48098,0.98505
0.48105,0.98505
0.48112,0.98505
0.48118,0.98505
0.48125,0.98505
0.48132,0.98505
0.48139,0.98505
0.48146,0.98505
0.48152,0.98505
0.48159,0.98505
0.48166,0.98505
0.48173,0.98505
0.48180,0.98505
0.48187,0.98505
0.48193,0.98505
0.48200,0.98505
0.48207,0.98505
0.48214,0.98505
0.48221,0.98505
0.48227,0.98505
0.48234,0.98505
0.48241,0.98505
0.48248,0.98505
0.48255,0.98505
0.48262,0.98505
0.48268,0.98505
0.48275,0.98505
0.48282,0.98505
0.48289,0.98505
0.48296,0.98505
0.48302,0.98505
0.48309,0.98505
0.48316,0.98505
0.48323,0.98505
0.48330,0.98505
0.48337,0.98505
0.48343,0.98505
0.48350,0.98505
0.48357,0.98505
0.48364,0.98505
0.48371,0.98505
0.48377,0.98505
0.48384,0.98505
0.48391,0.98505
0.48398,0.98505
0.48405,0.98505
0.48412,0.98505
0.48418,0.98505
0.48425,0.98505
0.48432,0.98505
0.48439,0.98505
0.48446,0.98505
0.48452,0.98505
0.48459,0.98505
0.48466,0.98505
0.48473,0.98505
0.48480,0.98505
0.48487,0.98505
0.48493,0.98505
0.48500,0.98505
0.48507,0.98505
0.48514,0.98505
0.48521,0.98505
0.48527,0.98505
0.48534,0.98505
0.48541,0.98505
0.48548,0.98505
0.48555,0.98505
0.48561,0.98505
0.48568,0.98505
0.48575,0.98505
0.48582,0.98505
0.48589,0.98505
0.48596,0.98505
0.48602,0.98505
0.48609,0.98505
0.48616,0.98505
0.48623,0.98505
0.48630,0.98505
0.48636,0.98505
0.48643,0.98505
0.48650,0.98505
0.48657,0.98505
0.48664,0.98505
0.48671,0.98505
0.48677,0.98505
0.48684,0.98505
0.48691,0.98505
0.48698,0.98505
0.48705,0.98505
0.48711,0.98505
0.48718,0.98505
0.48725,0.98505
0.48732,0.98505
0.48739,0.98505
0.48746,0.98505
0.48752,0.98505
0.48759,0.98505
0.48766,0.98505
0.48773,0.98505
0.48780,0.98505
0.48786,0.98505
0.48793,0.98505
0.48800,0.98505
0.48807,0.98505
0.48814,0.98505
0.48821,0.98505
0.48827,0.98505
0.48834,0.98505
0.48841,0.98505
0.48848,0.98505
0.48855,0.98505
0.48861,0.98505
0.48868,0.98505
0.48875,0.98505
0.48882,0.98505
0.48889,0.98505
0.48896,0.98505
0.48902,0.98505
0.48909,0.98505
0.48916,0.98505
0.48923,0.98505
0.48930,0.98505
0.48936,0.98505
0.48943,0.98505
0.48950,0.98505
0.48957,0.98505
0.48964,0.98505
0.48971,0.98505
0.48977,0.98505
0.48984,0.98505
0.48991,0.98505
0.48998,0.98505
0.49005,0.98505
0.49011,0.98505
0.49018,0.98505
0.49025,0.98505
0.49032,0.98505
0.49039,0.98505
0.49046,0.98505
0.49052,0.98505
0.49059,0.98505
0.49066,0.98505
0.49073,0.98505
0.49080,0.98505
0.49086,0.98505
0.49093,0.98505
0.49100,0.98505
0.49107,0.98505
0.49114,0.98505
0.49121,0.98505
0.49127,0.98505
0.49134,0.98505
0.49141,0.98505
0.49148,0.98505
0.49155,0.98505
0.49161,0.98505
0.49168,0.98505
0.49175,0.98505
0.49182,0.98505
0.49189,0.98505
0.49196,0.98505
0.49202,0.98505
0.49209,0.98505
0.49216,0.98505
0.49223,0.98505
0.49230,0.98505
0.49236,0.98505
0.49243,0.98505
0.49250,0.98505
0.49257,0.98505
0.49264,0.98505
0.49271,0.98505
0.49277,0.98505
0.49284,0.98505
0.49291,0.98505
0.49298,0.98505
0.49305,0.98505
0.49311,0.98505
0.49318,0.98505
0.49325,0.98505
0.49332,0.98505
0.49339,0.98505
0.49346,0.98505
0.49352,0.98505
0.49359,0.98505
0.49366,0.98505
0.49373,0.98505
0.49380,0.98505
0.49386,0.98505
0.49393,0.98505
0.49400,0.98505
0.49407,0.98505
0.49414,0.98505
0.49421,0.98505
0.49427,0.98505
0.49434,0.98505
0.49441,0.98505
0.49448,0.98505
0.49455,0.98505
0.49461,0.98505
0.49468,0.98505
0.49475,0.98505
0.49482,0.98505
0.49489,0.98505
0.49496,0.98505
0.49502,0.98505
0.49509,0.98505
0.49516,0.98505
0.49523,0.98505
0.49530,0.98505
0.49536,0.98505
0.49543,0.98505
0.49550,0.98505
0.49557,0.98505
0.49564,0.98505
0.49570,0.98505
0.49577,0.98505
0.49584,0.98505
0.49591,0.98505
0.49598,0.98505
0.49605,0.98505
0.49611,0.98505
0.49618,0.98505
0.49625,0.98505
0.49632,0.98505
0.49639,0.98505
0.49645,0.98505
0.49652,0.98505
0.49659,0.98505
0.49666,0.98505
0.49673,0.98505
0.49680,0.98505
0.49686,0.98505
0.49693,0.98505
0.49700,0.98505
0.49707,0.98505
0.49714,0.98505
0.49720,0.98505
0.49727,0.98505
0.49734,0.98505
0.49741,0.98505
0.49748,0.98505
0.49755,0.98505
0.49761,0.98505
0.49768,0.98505
0.49775,0.98505
0.49782,0.98505
0.49789,0.98505
0.49795,0.98505
0.49802,0.98505
0.49809,0.98505
0.49816,0.98505
0.49823,0.98505
0.49830,0.98505
0.49836,0.98505
0.49843,0.98505
0.49850,0.98505
0.49857,0.98505
0.49864,0.98505
0.49870,0.98505
0.49877,0.98505
0.49884,0.98505
0.49891,0.98505
0.49898,0.98505
0.49905,0.98505
0.49911,0.98505
0.49918,0.98505
0.49925,0.98505
0.49932,0.98505
0.49939,0.98505
0.49945,0.98505
0.49952,0.98505
0.49959,0.98505
0.49966,0.98505
0.49973,0.98505
0.49980,0.98505
0.49986,0.98505
0.49993,0.98505
0.50000,0.98505
0.50007,0.98505
0.50014,0.98505
0.50020,0.98505
0.50027,0.98505
0.50034,0.98505
0.50041,0.98505
0.50048,0.98505
0.50055,0.98505
0.50061,0.98505
0.50068,0.98505
0.50075,0.98505
0.50082,0.98505
0.50089,0.98505
0.50095,0.98505
0.50102,0.98505
0.50109,0.98505
0.50116,0.98505
0.50123,0.98505
0.50130,0.98505
0.50136,0.98505
0.50143,0.98505
0.50150,0.98505
0.50157,0.98505
0.50164,0.98505
0.50170,0.98505
0.50177,0.98505
0.50184,0.98505
0.50191,0.98505
0.50198,0.98505
0.50205,0.98505
0.50211,0.98505
0.50218,0.98505
0.50225,0.98505
0.50232,0.98505
0.50239,0.98505
0.50245,0.98505
0.50252,0.98505
0.50259,0.98505
0.50266,0.98505
0.50273,0.98505
0.50280,0.98505
0.50286,0.98505
0.50293,0.98505
0.50300,0.98505
0.50307,0.98505
0.50314,0.98505
0.50320,0.98505
0.50327,0.98505
0.50334,0.98505
0.50341,0.98505
0.50348,0.98505
0.50355,0.98505
0.50361,0.98505
0.50368,0.98505
0.50375,0.98505
0.50382,0.98505
0.50389,0.98505
0.50395,0.98505
0.50402,0.98505
0.50409,0.98505
0.50416,0.98505
0.50423,0.98505
0.50430,0.98505
0.50436,0.98505
0.50443,0.98505
0.50450,0.98505
0.50457,0.98505
0.50464,0.98505
0.50470,0.98505
0.50477,0.98505
0.50484,0.98505
0.50491,0.98505
0.50498,0.98505
0.50504,0.98505
0.50511,0.98505
0.50518,0.98505
0.50525,0.98505
0.50532,0.98505
0.50539,0.98505
0.50545,0.98505
0.50552,0.98505
0.50559,0.98505
0.50566,0.98505
0.50573,0.98505
0.50579,0.98505
0.50586,0.98505
0.50593,0.98505
0.50600,0.98505
0.50607,0.98505
0.50614,0.98505
0.50620,0.98505
0.50627,0.98505
0.50634,0.98505
0.50641,0.98505
0.50648,0.98505
0.50654,0.98505
0.50661,0.98505
0.50668,0.98505
0.50675,0.98505
0.50682,0.98505
0.50689,0.98505
0.50695,0.98505
0.50702,0.98505
0.50709,0.98505
0.50716,0.98505
0.50723,0.98505
0.50729,0.98505
0.50736,0.98505
0.50743,0.98505
0.50750,0.98505
0.50757,0.98505
0.50764,0.98505
0.50770,0.98505
0.50777,0.98505
0.50784,0.98505
0.50791,0.98505
0.50798,0.98505
0.50804,0.98505
0.50811,0.98505
0.50818,0.98505
0.50825,0.98505
0.50832,0.98505
0.50839,0.98505
0.50845,0.98505
0.50852,0.98505
0.50859,0.98505
0.50866,0.98505
0.50873,0.98505
0.50879,0.98505
0.50886,0.98505
0.50893,0.98505
0.50900,0.98505
0.50907,0.98505
0.50914,0.98505
0.50920,0.98505
0.50927,0.98505
0.50934,0.98505
0.50941,0.98505
0.50948,0.98505
0.50954,0.98505
0.50961,0.98505
0.50968,0.98505
0.50975,0.98505
0.50982,0.98505
0.50989,0.98505
0.50995,0.98505
0.51002,0.98505
0.51009,0.98505
0.51016,0.98505
0.51023,0.98505
0.51029,0.98505
0.51036,0.98505
0.51043,0.98505
0.51050,0.98505
0.51057,0.98505
0.51064,0.98505
0.51070,0.98505
0.51077,0.98505
0.51084,0.98505
0.51091,0.98505
0.51098,0.98505
0.51104,0.98505
0.51111,0.98505
0.51118,0.98505
0.51125,0.98505
0.51132,0.98505
0.51139,0.98505
0.51145,0.98505
0.51152,0.98505
0.51159,0.98505
0.51166,0.98505
0.51173,0.98505
0.51179,0.98505
0.51186,0.98505
0.51193,0.98505
0.51200,0.98505
0.51207,0.98505
0.51214,0.98505
0.51220,0.98505
0.51227,0.98505
0.51234,0.98505
0.51241,0.98505
0.51248,0.98505
0.51254,0.98505
0.51261,0.98505
0.51268,0.98505
0.51275,0.98505
0.51282,0.98505
0.51289,0.98505
0.51295,0.98505
0.51302,0.98505
0.51309,0.98505
0.51316,0.98505
0.51323,0.98505
0.51329,0.98505
0.51336,0.98505
0.51343,0.98505
0.51350,0.98505
0.51357,0.98505
0.51364,0.98505
0.51370,0.98505
0.51377,0.98505
0.51384,0.98505
0.51391,0.98505
0.51398,0.98505
0.51404,0.98505
0.51411,0.98505
0.51418,0.98505
0.51425,0.98505
0.51432,0.98505
0.51439,0.98505
0.51445,0.98505
0.51452,0.98505
0.51459,0.98505
0.51466,0.98505
0.51473,0.98505
0.51479,0.98505
0.51486,0.98505
0.51493,0.98505
0.51500,0.98505
0.51507,0.98505
0.51513,0.98505
0.51520,0.98505
0.51527,0.98505
0.51534,0.98505
0.51541,0.98505
0.51548,0.98505
0.51554,0.98505
0.51561,0.98505
0.51568,0.98505
0.51575,0.98505
0.51582,0.98505
0.51588,0.98505
0.51595,0.98505
0.51602,0.98505
0.51609,0.98505
0.51616,0.98505
0.51623,0.98505
0.51629,0.98505
0.51636,0.98505
0.51643,0.98505
0.51650,0.98505
0.51657,0.98505
0.51663,0.98505
0.51670,0.98505
0.51677,0.98505
0.51684,0.98505
0.51691,0.98505
0.51698,0.98505
0.51704,0.98505
0.51711,0.98505
0.51718,0.98505
0.51725,0.98505
0.51732,0.98505
0.51738,0.98505
0.51745,0.98505
0.51752,0.98505
0.51759,0.98505
0.51766,0.98505
0.51773,0.98505
0.51779,0.98505
0.51786,0.98505
0.51793,0.98505
0.51800,0.98505
0.51807,0.98505
0.51813,0.98505
0.51820,0.98505
0.51827,0.98505
0.51834,0.98505
0.51841,0.98505
0.51848,0.98505
0.51854,0.98505
0.51861,0.98505
0.51868,0.98505
0.51875,0.98505
0.51882,0.98505
0.51888,0.98505
0.51895,0.98505
0.51902,0.98505
0.51909,0.98505
0.51916,0.98505
0.51923,0.98505
0.51929,0.98505
0.51936,0.98505
0.51943,0.98505
0.51950,0.98505
0.51957,0.98505
0.51963,0.98505
0.51970,0.98505
0.51977,0.98505
0.51984,0.98505
0.51991,0.98505
0.51998,0.98505
0.52004,0.98505
0.52011,0.98505
0.52018,0.98505
0.52025,0.98505
0.52032,0.98505
0.52038,0.98505
0.52045,0.98505
0.52052,0.98505
0.52059,0.98505
0.52066,0.98505
0.52073,0.98505
0.52079,0.98505
0.52086,0.98505
0.52093,0.98505
0.52100,0.98505
0.52107,0.98505
0.52113,0.98505
0.52120,0.98505
0.52127,0.98505
0.52134,0.98505
0.52141,0.98505
0.52148,0.98505
0.52154,0.98505
0.52161,0.98505
0.52168,0.98505
0.52175,0.98505
0.52182,0.98505
0.52188,0.98505
0.52195,0.98505
0.52202,0.98505
0.52209,0.98505
0.52216,0.98505
0.52223,0.98505
0.52229,0.98505
0.52236,0.98505
0.52243,0.98505
0.52250,0.98505
0.52257,0.98505
0.52263,0.98505
0.52270,0.98505
0.52277,0.98505
0.52284,0.98505
0.52291,0.98505
0.52298,0.98505
0.52304,0.98505
0.52311,0.98505
0.52318,0.98505
0.52325,0.98505
0.52332,0.98505
0.52338,0.98505
0.52345,0.98505
0.52352,0.98505
0.52359,0.98505
0.52366,0.98505
0.52373,0.98505
0.52379,0.98505
0.52386,0.98505
0.52393,0.98505
0.52400,0.98505
0.52407,0.98505
0.52413,0.98505
0.52420,0.98505
0.52427,0.98505
0.52434,0.98505
0.52441,0.98505
0.52448,0.98505
0.52454,0.98505
0.52461,0.98505
0.52468,0.98505
0.52475,0.98505
0.52482,0.98505
0.52488,0.98505
0.52495,0.98505
0.52502,0.98505
0.52509,0.98505
0.52516,0.98505
0.52522,0.98505
0.52529,0.98505
0.52536,0.98505
0.52543,0.98505
0.52550,0.98505
0.52557,0.98505
0.52563,0.98505
0.52570,0.98505
0.52577,0.98505
0.52584,0.98505
0.52591,0.98505
0.52597,0.98505
0.52604,0.98505
0.52611,0.98505
0.52618,0.98505
0.52625,0.98505
0.52632,0.98505
0.52638,0.98505
0.52645,0.98505
0.52652,0.98505
0.52659,0.98505
0.52666,0.98505
0.52672,0.98505
0.52679,0.98505
0.52686,0.98505
0.52693,0.98505
0.52700,0.98505
0.52707,0.98505
0.52713,0.98505
0.52720,0.98505
0.52727,0.98505
0.52734,0.98505
0.52741,0.98505
0.52747,0.98505
0.52754,0.98505
0.52761,0.98505
0.52768,0.98505
0.52775,0.98505
0.52782,0.98505
0.52788,0.98505
0.52795,0.98505
0.52802,0.98505
0.52809,0.98505
0.52816,0.98505
0.52822,0.98505
0.52829,0.98505
0.52836,0.98505
0.52843,0.98505
0.52850,0.98505
0.52857,0.98505
0.52863,0.98505
0.52870,0.98505
0.52877,0.98505
0.52884,0.98505
0.52891,0.98505
0.52897,0.98505
0.52904,0.98505
0.52911,0.98505
0.52918,0.98505
0.52925,0.98505
0.52932,0.98505
0.52938,0.98505
0.52945,0.98505
0.52952,0.98505
0.52959,0.98505
0.52966,0.98505
0.52972,0.98505
0.52979,0.98505
0.52986,0.98505
0.52993,0.98505
0.53000,0.98505
0.53007,0.98505
0.53013,0.98505
0.53020,0.98505
0.53027,0.98505
0.53034,0.98505
0.53041,0.98505
0.53047,0.98505
0.53054,0.98505
0.53061,0.98505
0.53068,0.98505
0.53075,0.98505
0.53082,0.98505
0.53088,0.98505
0.53095,0.98505
0.53102,0.98505
0.53109,0.98505
0.53116,0.98505
0.53122,0.98505
0.53129,0.98505
0.53136,0.98505
0.53143,0.98505
0.53150,0.98505
0.53157,0.98505
0.53163,0.98505
0.53170,0.98505
0.53177,0.98505
0.53184,0.98505
0.53191,0.98505
0.53197,0.98505
0.53204,0.98505
0.53211,0.98505
0.53218,0.98505
0.53225,0.98505
0.53232,0.98505
0.53238,0.98505
0.53245,0.98505
0.53252,0.98505
0.53259,0.98505
0.53266,0.98505
0.53272,0.98505
0.53279,0.98505
0.53286,0.98505
0.53293,0.98505
0.53300,0.98505
0.53307,0.98505
0.53313,0.98505
0.53320,0.98505
0.53327,0.98505
0.53334,0.98505
0.53341,0.98505
0.53347,0.98505
0.53354,0.98505
0.53361,0.98505
0.53368,0.98505
0.53375,0.98505
0.53382,0.98505
0.53388,0.98505
0.53395,0.98505
0.53402,0.98505
0.53409,0.98505
0.53416,0.98505
0.53422,0.98505
0.53429,0.98505
0.53436,0.98505
0.53443,0.98505
0.53450,0.98505
0.53457,0.98505
0.53463,0.98505
0.53470,0.98505
0.53477,0.98505
0.53484,0.98505
0.53491,0.98505
0.53497,0.98505
0.53504,0.98505
0.53511,0.98505
0.53518,0.98505
0.53525,0.98505
0.53531,0.98505
0.53538,0.98505
0.53545,0.98505
0.53552,0.98505
0.53559,0.98505
0.53566,0.98505
0.53572,0.98505
0.53579,0.98505
0.53586,0.98505
0.53593,0.98505
0.53600,0.98505
0.53606,0.98505
0.53613,0.98505
0.53620,0.98505
0.53627,0.98505
0.53634,0.98505
0.53641,0.98505
0.53647,0.98505
0.53654,0.98505
0.53661,0.98505
0.53668,0.98505
0.53675,0.98505
0.53681,0.98505
0.53688,0.98505
0.53695,0.98505
0.53702,0.98505
0.53709,0.98505
0.53716,0.98505
0.53722,0.98505
0.53729,0.98505
0.53736,0.98505
0.53743,0.98505
0.53750,0.98505
0.53756,0.98505
0.53763,0.98505
0.53770,0.98505
0.53777,0.98505
0.53784,0.98505
0.53791,0.98505
0.53797,0.98505
0.53804,0.98505
0.53811,0.98505
0.53818,0.98505
0.53825,0.98505
0.53831,0.98505
0.53838,0.98505
0.53845,0.98505
0.53852,0.98505
0.53859,0.98505
0.53866,0.98505
0.53872,0.98505
0.53879,0.98505
0.53886,0.98505
0.53893,0.98505
0.53900,0.98505
0.53906,0.98505
0.53913,0.98505
0.53920,0.98505
0.53927,0.98505
0.53934,0.98505
0.53941,0.98505
0.53947,0.98505
0.53954,0.98505
0.53961,0.98505
0.53968,0.98505
0.53975,0.98505
0.53981,0.98505
0.53988,0.98505
0.53995,0.98505
0.54002,0.98505
0.54009,0.98505
0.54016,0.98505
0.54022,0.98505
0.54029,0.98505
0.54036,0.98505
0.54043,0.98505
0.54050,0.98505
0.54056,0.98505
0.54063,0.98505
0.54070,0.98505
0.54077,0.98505
0.54084,0.98505
0.54091,0.98505
0.54097,0.98505
0.54104,0.98505
0.54111,0.98505
0.54118,0.98505
0.54125,0.98505
0.54131,0.98505
0.54138,0.98505
0.54145,0.98505
0.54152,0.98505
0.54159,0.98505
0.54166,0.98505
0.54172,0.98505
0.54179,0.98505
0.54186,0.98505
0.54193,0.98505
0.54200,0.98505
0.54206,0.98505
0.54213,0.98505
0.54220,0.98505
0.54227,0.98505
0.54234,0.98505
0.54241,0.98505
0.54247,0.98505
0.54254,0.98505
0.54261,0.98505
0.54268,0.98505
0.54275,0.98505
0.54281,0.98505
0.54288,0.98505
0.54295,0.98505
0.54302,0.98505
0.54309,0.98505
0.54316,0.98505
0.54322,0.98505
0.54329,0.98505
0.54336,0.98505
0.54343,0.98505
0.54350,0.98505
0.54356,0.98505
0.54363,0.98505
0.54370,0.98505
0.54377,0.98505
0.54384,0.98505
0.54391,0.98505
0.54397,0.98505
0.54404,0.98505
0.54411,0.98505
0.54418,0.98505
0.54425,0.98505
0.54431,0.98505
0.54438,0.98505
0.54445,0.98505
0.54452,0.98505
0.54459,0.98505
0.54466,0.98505
0.54472,0.98505
0.54479,0.98505
0.54486,0.98505
0.54493,0.98505
0.54500,0.98505
0.54506,0.98505
0.54513,0.98505
0.54520,0.98505
0.54527,0.98505
0.54534,0.98505
0.54540,0.98505
0.54547,0.98505
0.54554,0.98505
0.54561,0.98505
0.54568,0.98505
0.54575,0.98505
0.54581,0.98505
0.54588,0.98505
0.54595,0.98505
0.54602,0.98505
0.54609,0.98505
0.54615,0.98505
0.54622,0.98505
0.54629,0.98505
0.54636,0.98505
0.54643,0.98505
0.54650,0.98505
0.54656,0.98505
0.54663,0.98505
0.54670,0.98505
0.54677,0.98505
0.54684,0.98505
0.54690,0.98505
0.54697,0.98505
0.54704,0.98505
0.54711,0.98505
0.54718,0.98505
0.54725,0.98505
0.54731,0.98505
0.54738,0.98505
0.54745,0.98505
0.54752,0.98505
0.54759,0.98505
0.54765,0.98505
0.54772,0.98505
0.54779,0.98505
0.54786,0.98505
0.54793,0.98505
0.54800,0.98505
0.54806,0.98505
0.54813,0.98505
0.54820,0.98505
0.54827,0.98505
0.54834,0.98505
0.54840,0.98505
0.54847,0.98505
0.54854,0.98505
0.54861,0.98505
0.54868,0.98505
0.54875,0.98505
0.54881,0.98505
0.54888,0.98505
0.54895,0.98505
0.54902,0.98505
0.54909,0.98505
0.54915,0.98505
0.54922,0.98505
0.54929,0.98505
0.54936,0.98505
0.54943,0.98505
0.54950,0.98505
0.54956,0.98505
0.54963,0.98505
0.54970,0.98505
0.54977,0.98505
0.54984,0.98505
0.54990,0.98505
0.54997,0.98505
0.55004,0.98505
0.55011,0.98505
0.55018,0.98505
0.55025,0.98505
0.55031,0.98505
0.55038,0.98505
0.55045,0.98505
0.55052,0.98505
0.55059,0.98505
0.55065,0.98505
0.55072,0.98505
0.55079,0.98505
0.55086,0.98505
0.55093,0.98505
0.55100,0.98505
0.55106,0.98505
0.55113,0.98505
0.55120,0.98505
0.55127,0.98505
0.55134,0.98505
0.55140,0.98505
0.55147,0.98505
0.55154,0.98505
0.55161,0.98505
0.55168,0.98505
0.55175,0.98505
0.55181,0.98505
0.55188,0.98505
0.55195,0.98505
0.55202,0.98505
0.55209,0.98505
0.55215,0.98505
0.55222,0.98505
0.55229,0.98505
0.55236,0.98505
0.55243,0.98505
0.55250,0.98505
0.55256,0.98505
0.55263,0.98505
0.55270,0.98505
0.55277,0.98505
0.55284,0.98505
0.55290,0.98505
0.55297,0.98505
0.55304,0.98505
0.55311,0.98505
0.55318,0.98505
0.55325,0.98505
0.55331,0.98505
0.55338,0.98505
0.55345,0.98505
0.55352,0.98505
0.55359,0.98505
0.55365,0.98505
0.55372,0.98505
0.55379,0.98505
0.55386,0.98505
0.55393,0.98505
0.55400,0.98505
0.55406,0.98505
0.55413,0.98505
0.55420,0.98505
0.55427,0.98505
0.55434,0.98505
0.55440,0.98505
0.55447,0.98505
0.55454,0.98505
0.55461,0.98505
0.55468,0.98505
0.55475,0.98505
0.55481,0.98505
0.55488,0.98505
0.55495,0.98505
0.55502,0.98505
0.55509,0.98505
0.55515,0.98505
0.55522,0.98505
0.55529,0.98505
0.55536,0.98505
0.55543,0.98505
0.55549,0.98505
0.55556,0.98505
0.55563,0.98505
0.55570,0.98505
0.55577,0.98505
0.55584,0.98505
0.55590,0.98505
0.55597,0.98505
0.55604,0.98505
0.55611,0.98505
0.55618,0.98505
0.55624,0.98505
0.55631,0.98505
0.55638,0.98505
0.55645,0.98505
0.55652,0.98505
0.55659,0.98505
0.55665,0.98505
0.55672,0.98505
0.55679,0.98505
0.55686,0.98505
0.55693,0.98505
0.55699,0.98505
0.55706,0.98505
0.55713,0.98505
0.55720,0.98505
0.55727,0.98505
0.55734,0.98505
0.55740,0.98505
0.55747,0.98505
0.55754,0.98505
0.55761,0.98505
0.55768,0.98505
0.55774,0.98505
0.55781,0.98505
0.55788,0.98505
0.55795,0.98505
0.55802,0.98505
0.55809,0.98505
0.55815,0.98505
0.55822,0.98505
0.55829,0.98505
0.55836,0.98505
0.55843,0.98505
0.55849,0.98505
0.55856,0.98505
0.55863,0.98505
0.55870,0.98505
0.55877,0.98505
0.55884,0.98505
0.55890,0.98505
0.55897,0.98505
0.55904,0.98505
0.55911,0.98505
0.55918,0.98505
0.55924,0.98505
0.55931,0.98505
0.55938,0.98505
0.55945,0.98505
0.55952,0.98505
0.55959,0.98505
0.55965,0.98505
0.55972,0.98505
0.55979,0.98505
0.55986,0.98505
0.55993,0.98505
0.55999,0.98505
0.56006,0.98505
0.56013,0.98505
0.56020,0.98505
0.56027,0.98505
0.56034,0.98505
0.56040,0.98505
0.56047,0.98505
0.56054,0.98505
0.56061,0.98505
0.56068,0.98505
0.56074,0.98505
0.56081,0.98505
0.56088,0.98505
0.56095,0.98505
0.56102,0.98505
0.56109,0.98505
0.56115,0.98505
0.56122,0.98505
0.56129,0.98505
0.56136,0.98505
0.56143,0.98505
0.56149,0.98505
0.56156,0.98505
0.56163,0.98505
0.56170,0.98505
0.56177,0.98505
0.56184,0.98505
0.56190,0.98505
0.56197,0.98505
0.56204,0.98505
0.56211,0.98505
0.56218,0.98505
0.56224,0.98505
0.56231,0.98505
0.56238,0.98505
0.56245,0.98505
0.56252,0.98505
0.56259,0.98505
0.56265,0.98505
0.56272,0.98505
0.56279,0.98505
0.56286,0.98505
0.56293,0.98505
0.56299,0.98505
0.56306,0.98505
0.56313,0.98505
0.56320,0.98505
0.56327,0.98505
0.56334,0.98505
0.56340,0.98505
0.56347,0.98505
0.56354,0.98505
0.56361,0.98505
0.56368,0.98505
0.56374,0.98505
0.56381,0.98505
0.56388,0.98505
0.56395,0.98505
0.56402,0.98505
0.56409,0.98505
0.56415,0.98505
0.56422,0.98505
0.56429,0.98505
0.56436,0.98505
0.56443,0.98505
0.56449,0.98505
0.56456,0.98505
0.56463,0.98505
0.56470,0.98505
0.56477,0.98505
0.56484,0.98505
0.56490,0.98505
0.56497,0.98505
0.56504,0.98505
0.56511,0.98505
0.56518,0.98505
0.56524,0.98505
0.56531,0.98505
0.56538,0.98505
0.56545,0.98505
0.56552,0.98505
0.56558,0.98505
0.56565,0.98505
0.56572,0.98505
0.56579,0.98505
0.56586,0.98505
0.56593,0.98505
0.56599,0.98505
0.56606,0.98505
0.56613,0.98505
0.56620,0.98505
0.56627,0.98505
0.56633,0.98505
0.56640,0.98505
0.56647,0.98505
0.56654,0.98505
0.56661,0.98505
0.56668,0.98505
0.56674,0.98505
0.56681,0.98505
0.56688,0.98505
0.56695,0.98505
0.56702,0.98505
0.56708,0.98505
0.56715,0.98505
0.56722,0.98505
0.56729,0.98505
0.56736,0.98505
0.56743,0.98505
0.56749,0.98505
0.56756,0.98505
0.56763,0.98505
0.56770,0.98505
0.56777,0.98505
0.56783,0.98505
0.56790,0.98505
0.56797,0.98505
0.56804,0.98505
0.56811,0.98505
0.56818,0.98505
0.56824,0.98505
0.56831,0.98505
0.56838,0.98505
0.56845,0.98505
0.56852,0.98505
0.56858,0.98505
0.56865,0.98505
0.56872,0.98505
0.56879,0.98505
0.56886,0.98505
0.56893,0.98505
0.56899,0.98505
0.56906,0.98505
0.56913,0.98505
0.56920,0.98505
0.56927,0.98505
0.56933,0.98505
0.56940,0.98505
0.56947,0.98505
0.56954,0.98505
0.56961,0.98505
0.56968,0.98505
0.56974,0.98505
0.56981,0.98505
0.56988,0.98505
0.56995,0.98505
0.57002,0.98505
0.57008,0.98505
0.57015,0.98505
0.57022,0.98505
0.57029,0.98505
0.57036,0.98505
0.57043,0.98505
0.57049,0.98505
0.57056,0.98505
0.57063,0.98505
0.57070,0.98505
0.57077,0.98505
0.57083,0.98505
0.57090,0.98505
0.57097,0.98505
0.57104,0.98505
0.57111,0.98505
0.57118,0.98505
0.57124,0.98505
0.57131,0.98505
0.57138,0.98505
0.57145,0.98505
0.57152,0.98505
0.57158,0.98505
0.57165,0.98505
0.57172,0.98505
0.57179,0.98505
0.57186,0.98505
0.57193,0.98505
0.57199,0.98505
0.57206,0.98505
0.57213,0.98505
0.57220,0.98505
0.57227,0.98505
0.57233,0.98505
0.57240,0.98505
0.57247,0.98505
0.57254,0.98505
0.57261,0.98505
0.57268,0.98505
0.57274,0.98505
0.57281,0.98505
0.57288,0.98505
0.57295,0.98505
0.57302,0.98505
0.57308,0.98505
0.57315,0.98505
0.57322,0.98505
0.57329,0.98505
0.57336,0.98505
0.57343,0.98505
0.57349,0.98505
0.57356,0.98505
0.57363,0.98505
0.57370,0.98505
0.57377,0.98505
0.57383,0.98505
0.57390,0.98505
0.57397,0.98505
0.57404,0.98505
0.57411,0.98505
0.57418,0.98505
0.57424,0.98505
0.57431,0.98505
0.57438,0.98505
0.57445,0.98505
0.57452,0.98505
0.57458,0.98505
0.57465,0.98505
0.57472,0.98505
0.57479,0.98505
0.57486,0.98505
0.57493,0.98505
0.57499,0.98505
0.57506,0.98505
0.57513,0.98505
0.57520,0.98505
0.57527,0.98505
0.57533,0.98505
0.57540,0.98505
0.57547,0.98505
0.57554,0.98505
0.57561,0.98505
0.57567,0.98505
0.57574,0.98505
0.57581,0.98505
0.57588,0.98505
0.57595,0.98505
0.57602,0.98505
0.57608,0.98505
0.57615,0.98505
0.57622,0.98505
0.57629,0.98505
0.57636,0.98505
0.57642,0.98505
0.57649,0.98505
0.57656,0.98505
0.57663,0.98505
0.57670,0.98505
0.57677,0.98505
0.57683,0.98505
0.57690,0.98505
0.57697,0.98505
0.57704,0.98505
0.57711,0.98505
0.57717,0.98505
0.57724,0.98505
0.57731,0.98505
0.57738,0.98505
0.57745,0.98505
0.57752,0.98505
0.57758,0.98505
0.57765,0.98505
0.57772,0.98505
0.57779,0.98505
0.57786,0.98505
0.57792,0.98505
0.57799,0.98505
0.57806,0.98505
0.57813,0.98505
0.57820,0.98505
0.57827,0.98505
0.57833,0.98505
0.57840,0.98505
0.57847,0.98505
0.57854,0.98505
0.57861,0.98505
0.57867,0.98505
0.57874,0.98505
0.57881,0.98505
0.57888,0.98505
0.57895,0.98505
0.57902,0.98505
0.57908,0.98505
0.57915,0.98505
0.57922,0.98505
0.57929,0.98505
0.57936,0.98505
0.57942,0.98505
0.57949,0.98505
0.57956,0.98505
0.57963,0.98505
0.57970,0.98505
0.57977,0.98505
0.57983,0.98505
0.57990,0.98505
0.57997,0.98505
0.58004,0.98505
0.58011,0.98505
0.58017,0.98505
0.58024,0.98505
0.58031,0.98505
0.58038,0.98505
0.58045,0.98505
0.58052,0.98505
0.58058,0.98505
0.58065,0.98505
0.58072,0.98505
0.58079,0.98505
0.58086,0.98505
0.58092,0.98505
0.58099,0.98505
0.58106,0.98505
0.58113,0.98505
0.58120,0.98505
0.58127,0.98505
0.58133,0.98505
0.58140,0.98505
0.58147,0.98505
0.58154,0.98505
0.58161,0.98505
0.58167,0.98505
0.58174,0.98505
0.58181,0.98505
0.58188,0.98505
0.58195,0.98505
0.58202,0.98505
0.58208,0.98505
0.58215,0.98505
0.58222,0.98505
0.58229,0.98505
0.58236,0.98505
0.58242,0.98505
0.58249,0.98505
0.58256,0.98505
0.58263,0.98505
0.58270,0.98505
0.58277,0.98505
0.58283,0.98505
0.58290,0.98505
0.58297,0.98505
0.58304,0.98505
0.58311,0.98505
0.58317,0.98505
0.58317,0.98588
0.58324,0.98588
0.58331,0.98588
0.58338,0.98588
0.58345,0.98588
0.58352,0.98588
0.58358,0.98588
0.58365,0.98588
0.58372,0.98588
0.58379,0.98588
0.58386,0.98588
0.58392,0.98588
0.58399,0.98588
0.58406,0.98588
0.58413,0.98588
0.58420,0.98588
0.58427,0.98588
0.58433,0.98588
0.58440,0.98588
0.58447,0.98588
0.58454,0.98588
0.58461,0.98588
0.58467,0.98588
0.58474,0.98588
0.58481,0.98588
0.58488,0.98588
0.58495,0.98588
0.58501,0.98588
0.58508,0.98588
0.58515,0.98588
0.58522,0.98588
0.58529,0.98588
0.58536,0.98588
0.58542,0.98588
0.58549,0.98588
0.58556,0.98588
0.58563,0.98588
0.58570,0.98588
0.58576,0.98588
0.58583,0.98588
0.58590,0.98588
0.58597,0.98588
0.58604,0.98588
0.58611,0.98588
0.58617,0.98588
0.58624,0.98588
0.58631,0.98588
0.58638,0.98588
0.58645,0.98588
0.58651,0.98588
0.58658,0.98588
0.58665,0.98588
0.58672,0.98588
0.58679,0.98588
0.58686,0.98588
0.58692,0.98588
0.58699,0.98588
0.58706,0.98588
0.58713,0.98588
0.58720,0.98588
0.58726,0.98588
0.58733,0.98588
0.58740,0.98588
0.58747,0.98588
0.58754,0.98588
0.58761,0.98588
0.58767,0.98588
0.58774,0.98588
0.58781,0.98588
0.58788,0.98588
0.58795,0.98588
0.58801,0.98588
0.58808,0.98588
0.58815,0.98588
0.58822,0.98588
0.58829,0.98588
0.58836,0.98588
0.58842,0.98588
0.58849,0.98588
0.58856,0.98588
0.58863,0.98588
0.58870,0.98588
0.58876,0.98588
0.58883,0.98588
0.58890,0.98588
0.58897,0.98588
0.58904,0.98588
0.58911,0.98588
0.58917,0.98588
0.58924,0.98588
0.58931,0.98588
0.58938,0.98588
0.58945,0.98588
0.58951,0.98588
0.58958,0.98588
0.58965,0.98588
0.58972,0.98588
0.58979,0.98588
0.58986,0.98588
0.58992,0.98588
0.58999,0.98588
0.59006,0.98588
0.59013,0.98588
0.59020,0.98588
0.59026,0.98588
0.59033,0.98588
0.59040,0.98588
0.59047,0.98588
0.59054,0.98588
0.59061,0.98588
0.59067,0.98588
0.59074,0.98588
0.59081,0.98588
0.59088,0.98588
0.59095,0.98588
0.59101,0.98588
0.59108,0.98588
0.59115,0.98588
0.59122,0.98588
0.59129,0.98588
0.59136,0.98588
0.59142,0.98588
0.59149,0.98588
0.59156,0.98588
0.59163,0.98588
0.59170,0.98588
0.59176,0.98588
0.59183,0.98588
0.59190,0.98588
0.59197,0.98588
0.59204,0.98588
0.59211,0.98588
0.59217,0.98588
0.59224,0.98588
0.59231,0.98588
0.59238,0.98588
0.59245,0.98588
0.59251,0.98588
0.59258,0.98588
0.59265,0.98588
0.59272,0.98588
0.59279,0.98588
0.59286,0.98588
0.59292,0.98588
0.59299,0.98588
0.59306,0.98588
0.59313,0.98588
0.59320,0.98588
0.59326,0.98588
0.59333,0.98588
0.59340,0.98588
0.59347,0.98588
0.59354,0.98588
0.59361,0.98588
0.59367,0.98588
0.59374,0.98588
0.59381,0.98588
0.59388,0.98588
0.59395,0.98588
0.59401,0.98588
0.59408,0.98588
0.59415,0.98588
0.59422,0.98588
0.59429,0.98588
0.59436,0.98588
0.59442,0.98588
0.59449,0.98588
0.59456,0.98588
0.59463,0.98588
0.59470,0.98588
0.59476,0.98588
0.59483,0.98588
0.59490,0.98588
0.59497,0.98588
0.59504,0.98588
0.59510,0.98588
0.59517,0.98588
0.59524,0.98588
0.59531,0.98588
0.59538,0.98588
0.59545,0.98588
0.59551,0.98588
0.59558,0.98588
0.59565,0.98588
0.59572,0.98588
0.59579,0.98588
0.59585,0.98588
0.59592,0.98588
0.59599,0.98588
0.59606,0.98588
0.59613,0.98588
0.59620,0.98588
0.59626,0.98588
0.59633,0.98588
0.59640,0.98588
0.59647,0.98588
0.59654,0.98588
0.59660,0.98588
0.59667,0.98588
0.59674,0.98588
0.59681,0.98588
0.59688,0.98588
0.59695,0.98588
0.59701,0.98588
0.59708,0.98588
0.59715,0.98588
0.59722,0.98588
0.59729,0.98588
0.59735,0.98588
0.59742,0.98588
0.59749,0.98588
0.59756,0.98588
0.59763,0.98588
0.59770,0.98588
0.59776,0.98588
0.59783,0.98588
0.59790,0.98588
0.59797,0.98588
0.59804,0.98588
0.59810,0.98588
0.59817,0.98588
0.59824,0.98588
0.59831,0.98588
0.59838,0.98588
0.59845,0.98588
0.59851,0.98588
0.59858,0.98588
0.59865,0.98588
0.59872,0.98588
0.59879,0.98588
0.59885,0.98588
0.59892,0.98588
0.59899,0.98588
0.59906,0.98588
0.59913,0.98588
0.59920,0.98588
0.59926,0.98588
0.59933,0.98588
0.59940,0.98588
0.59947,0.98588
0.59954,0.98588
0.59960,0.98588
0.59967,0.98588
0.59974,0.98588
0.59981,0.98588
0.59988,0.98588
0.59995,0.98588
0.60001,0.98588
0.60008,0.98588
0.60015,0.98588
0.60022,0.98588
0.60029,0.98588
0.60035,0.98588
0.60042,0.98588
0.60049,0.98588
0.60056,0.98588
0.60063,0.98588
0.60070,0.98588
0.60076,0.98588
0.60083,0.98588
0.60090,0.98588
0.60097,0.98588
0.60104,0.98588
0.60110,0.98588
0.60117,0.98588
0.60124,0.98588
0.60131,0.98588
0.60138,0.98588
0.60145,0.98588
0.60151,0.98588
0.60158,0.98588
0.60165,0.98588
0.60172,0.98588
0.60179,0.98588
0.60185,0.98588
0.60192,0.98588
0.60199,0.98588
0.60206,0.98588
0.60213,0.98588
0.60220,0.98588
0.60226,0.98588
0.60233,0.98588
0.60240,0.98588
0.60247,0.98588
0.60254,0.98588
0.60260,0.98588
0.60267,0.98588
0.60274,0.98588
0.60281,0.98588
0.60288,0.98588
0.60295,0.98588
0.60301,0.98588
0.60308,0.98588
0.60315,0.98588
0.60322,0.98588
0.60329,0.98588
0.60335,0.98588
0.60342,0.98588
0.60342,0.98671
0.60349,0.98671
0.60356,0.98671
0.60363,0.98671
0.60370,0.98671
0.60376,0.98671
0.60383,0.98671
0.60390,0.98671
0.60397,0.98671
0.60404,0.98671
0.60410,0.98671
0.60417,0.98671
0.60424,0.98671
0.60431,0.98671
0.60438,0.98671
0.60445,0.98671
0.60451,0.98671
0.60458,0.98671
0.60465,0.98671
0.60472,0.98671
0.60479,0.98671
0.60485,0.98671
0.60492,0.98671
0.60499,0.98671
0.60506,0.98671
0.60513,0.98671
0.60519,0.98671
0.60526,0.98671
0.60533,0.98671
0.60540,0.98671
0.60547,0.98671
0.60554,0.98671
0.60560,0.98671
0.60567,0.98671
0.60574,0.98671
0.60581,0.98671
0.60588,0.98671
0.60594,0.98671
0.60601,0.98671
0.60608,0.98671
0.60615,0.98671
0.60622,0.98671
0.60629,0.98671
0.60635,0.98671
0.60642,0.98671
0.60649,0.98671
0.60656,0.98671
0.60663,0.98671
0.60669,0.98671
0.60676,0.98671
0.60676,0.98754
0.60683,0.98754
0.60690,0.98754
0.60697,0.98754
0.60704,0.98754
0.60710,0.98754
0.60717,0.98754
0.60724,0.98754
0.60731,0.98754
0.60738,0.98754
0.60744,0.98754
0.60751,0.98754
0.60758,0.98754
0.60765,0.98754
0.60772,0.98754
0.60779,0.98754
0.60785,0.98754
0.60792,0.98754
0.60799,0.98754
0.60806,0.98754
0.60813,0.98754
0.60819,0.98754
0.60826,0.98754
0.60833,0.98754
0.60840,0.98754
0.60847,0.98754
0.60854,0.98754
0.60860,0.98754
0.60867,0.98754
0.60874,0.98754
0.60881,0.98754
0.60888,0.98754
0.60894,0.98754
0.60901,0.98754
0.60908,0.98754
0.60915,0.98754
0.60922,0.98754
0.60929,0.98754
0.60935,0.98754
0.60942,0.98754
0.60949,0.98754
0.60956,0.98754
0.60963,0.98754
0.60969,0.98754
0.60976,0.98754
0.60983,0.98754
0.60990,0.98754
0.60997,0.98754
0.61004,0.98754
0.61010,0.98754
0.61017,0.98754
0.61024,0.98754
0.61031,0.98754
0.61038,0.98754
0.61044,0.98754
0.61051,0.98754
0.61058,0.98754
0.61065,0.98754
0.61072,0.98754
0.61079,0.98754
0.61085,0.98754
0.61092,0.98754
0.61099,0.98754
0.61106,0.98754
0.61113,0.98754
0.61119,0.98754
0.61126,0.98754
0.61133,0.98754
0.61140,0.98754
0.61147,0.98754
0.61154,0.98754
0.61160,0.98754
0.61167,0.98754
0.61174,0.98754
0.61181,0.98754
0.61188,0.98754
0.61194,0.98754
0.61201,0.98754
0.61208,0.98754
0.61215,0.98754
0.61222,0.98754
0.61229,0.98754
0.61235,0.98754
0.61242,0.98754
0.61249,0.98754
0.61256,0.98754
0.61263,0.98754
0.61269,0.98754
0.61276,0.98754
0.61283,0.98754
0.61290,0.98754
0.61297,0.98754
0.61304,0.98754
0.61310,0.98754
0.61317,0.98754
0.61324,0.98754
0.61331,0.98754
0.61338,0.98754
0.61344,0.98754
0.61351,0.98754
0.61358,0.98754
0.61365,0.98754
0.61372,0.98754
0.61379,0.98754
0.61385,0.98754
0.61392,0.98754
0.61399,0.98754
0.61406,0.98754
0.61413,0.98754
0.61419,0.98754
0.61426,0.98754
0.61433,0.98754
0.61440,0.98754
0.61447,0.98754
0.61454,0.98754
0.61460,0.98754
0.61467,0.98754
0.61474,0.98754
0.61481,0.98754
0.61488,0.98754
0.61494,0.98754
0.61501,0.98754
0.61508,0.98754
0.61515,0.98754
0.61522,0.98754
0.61528,0.98754
0.61535,0.98754
0.61542,0.98754
0.61549,0.98754
0.61556,0.98754
0.61563,0.98754
0.61569,0.98754
0.61576,0.98754
0.61583,0.98754
0.61590,0.98754
0.61597,0.98754
0.61603,0.98754
0.61610,0.98754
0.61617,0.98754
0.61624,0.98754
0.61631,0.98754
0.61638,0.98754
0.61644,0.98754
0.61651,0.98754
0.61658,0.98754
0.61665,0.98754
0.61672,0.98754
0.61678,0.98754
0.61685,0.98754
0.61692,0.98754
0.61699,0.98754
0.61706,0.98754
0.61713,0.98754
0.61719,0.98754
0.61726,0.98754
0.61733,0.98754
0.61740,0.98754
0.61747,0.98754
0.61753,0.98754
0.61760,0.98754
0.61767,0.98754
0.61774,0.98754
0.61781,0.98754
0.61788,0.98754
0.61794,0.98754
0.61801,0.98754
0.61808,0.98754
0.61815,0.98754
0.61822,0.98754
0.61828,0.98754
0.61835,0.98754
0.61842,0.98754
0.61849,0.98754
0.61856,0.98754
0.61863,0.98754
0.61869,0.98754
0.61876,0.98754
0.61883,0.98754
0.61890,0.98754
0.61897,0.98754
0.61903,0.98754
0.61910,0.98754
0.61917,0.98754
0.61924,0.98754
0.61931,0.98754
0.61938,0.98754
0.61944,0.98754
0.61951,0.98754
0.61958,0.98754
0.61965,0.98754
0.61972,0.98754
0.61978,0.98754
0.61985,0.98754
0.61992,0.98754
0.61999,0.98754
0.62006,0.98754
0.62013,0.98754
0.62019,0.98754
0.62026,0.98754
0.62033,0.98754
0.62040,0.98754
0.62047,0.98754
0.62053,0.98754
0.62060,0.98754
0.62067,0.98754
0.62074,0.98754
0.62081,0.98754
0.62088,0.98754
0.62094,0.98754
0.62101,0.98754
0.62108,0.98754
0.62115,0.98754
0.62122,0.98754
0.62128,0.98754
0.62135,0.98754
0.62142,0.98754
0.62149,0.98754
0.62156,0.98754
0.62163,0.98754
0.62169,0.98754
0.62176,0.98754
0.62183,0.98754
0.62190,0.98754
0.62197,0.98754
0.62203,0.98754
0.62210,0.98754
0.62217,0.98754
0.62224,0.98754
0.62231,0.98754
0.62238,0.98754
0.62244,0.98754
0.62251,0.98754
0.62258,0.98754
0.62265,0.98754
0.62272,0.98754
0.62278,0.98754
0.62285,0.98754
0.62292,0.98754
0.62299,0.98754
0.62306,0.98754
0.62313,0.98754
0.62319,0.98754
0.62326,0.98754
0.62333,0.98754
0.62340,0.98754
0.62347,0.98754
0.62353,0.98754
0.62360,0.98754
0.62367,0.98754
0.62374,0.98754
0.62381,0.98754
0.62388,0.98754
0.62394,0.98754
0.62401,0.98754
0.62408,0.98754
0.62415,0.98754
0.62422,0.98754
0.62428,0.98754
0.62435,0.98754
0.62442,0.98754
0.62449,0.98754
0.62456,0.98754
0.62463,0.98754
0.62469,0.98754
0.62476,0.98754
0.62483,0.98754
0.62490,0.98754
0.62497,0.98754
0.62503,0.98754
0.62510,0.98754
0.62517,0.98754
0.62524,0.98754
0.62531,0.98754
0.62537,0.98754
0.62544,0.98754
0.62551,0.98754
0.62558,0.98754
0.62565,0.98754
0.62572,0.98754
0.62578,0.98754
0.62585,0.98754
0.62592,0.98754
0.62599,0.98754
0.62606,0.98754
0.62612,0.98754
0.62619,0.98754
0.62626,0.98754
0.62633,0.98754
0.62640,0.98754
0.62647,0.98754
0.62653,0.98754
0.62660,0.98754
0.62667,0.98754
0.62674,0.98754
0.62681,0.98754
0.62687,0.98754
0.62694,0.98754
0.62701,0.98754
0.62708,0.98754
0.62715,0.98754
0.62722,0.98754
0.62728,0.98754
0.62735,0.98754
0.62742,0.98754
0.62749,0.98754
0.62756,0.98754
0.62762,0.98754
0.62769,0.98754
0.62776,0.98754
0.62783,0.98754
0.62790,0.98754
0.62797,0.98754
0.62803,0.98754
0.62810,0.98754
0.62817,0.98754
0.62824,0.98754
0.62831,0.98754
0.62837,0.98754
0.62844,0.98754
0.62851,0.98754
0.62858,0.98754
0.62865,0.98754
0.62872,0.98754
0.62878,0.98754
0.62885,0.98754
0.62892,0.98754
0.62899,0.98754
0.62906,0.98754
0.62912,0.98754
0.62919,0.98754
0.62926,0.98754
0.62933,0.98754
0.62940,0.98754
0.62947,0.98754
0.62953,0.98754
0.62960,0.98754
0.62967,0.98754
0.62974,0.98754
0.62981,0.98754
0.62987,0.98754
0.62994,0.98754
0.63001,0.98754
0.63008,0.98754
0.63015,0.98754
0.63022,0.98754
0.63028,0.98754
0.63035,0.98754
0.63042,0.98754
0.63049,0.98754
0.63056,0.98754
0.63062,0.98754
0.63069,0.98754
0.63076,0.98754
0.63083,0.98754
0.63090,0.98754
0.63097,0.98754
0.63103,0.98754
0.63110,0.98754
0.63117,0.98754
0.63124,0.98754
0.63131,0.98754
0.63137,0.98754
0.63144,0.98754
0.63151,0.98754
0.63158,0.98754
0.63165,0.98754
0.63172,0.98754
0.63178,0.98754
0.63185,0.98754
0.63192,0.98754
0.63199,0.98754
0.63206,0.98754
0.63212,0.98754
0.63219,0.98754
0.63226,0.98754
0.63233,0.98754
0.63240,0.98754
0.63247,0.98754
0.63253,0.98754
0.63260,0.98754
0.63267,0.98754
0.63274,0.98754
0.63281,0.98754
0.63287,0.98754
0.63294,0.98754
0.63301,0.98754
0.63308,0.98754
0.63315,0.98754
0.63322,0.98754
0.63328,0.98754
0.63335,0.98754
0.63342,0.98754
0.63349,0.98754
0.63356,0.98754
0.63362,0.98754
0.63369,0.98754
0.63376,0.98754
0.63383,0.98754
0.63390,0.98754
0.63397,0.98754
0.63403,0.98754
0.63410,0.98754
0.63417,0.98754
0.63424,0.98754
0.63431,0.98754
0.63437,0.98754
0.63444,0.98754
0.63451,0.98754
0.63458,0.98754
0.63465,0.98754
0.63472,0.98754
0.63478,0.98754
0.63485,0.98754
0.63492,0.98754
0.63499,0.98754
0.63506,0.98754
0.63512,0.98754
0.63519,0.98754
0.63526,0.98754
0.63533,0.98754
0.63540,0.98754
0.63546,0.98754
0.63553,0.98754
0.63560,0.98754
0.63567,0.98754
0.63574,0.98754
0.63581,0.98754
0.63587,0.98754
0.63594,0.98754
0.63601,0.98754
0.63608,0.98754
0.63615,0.98754
0.63621,0.98754
0.63628,0.98754
0.63635,0.98754
0.63642,0.98754
0.63649,0.98754
0.63656,0.98754
0.63662,0.98754
0.63669,0.98754
0.63676,0.98754
0.63683,0.98754
0.63690,0.98754
0.63696,0.98754
0.63703,0.98754
0.63710,0.98754
0.63717,0.98754
0.63724,0.98754
0.63731,0.98754
0.63737,0.98754
0.63744,0.98754
0.63751,0.98754
0.63758,0.98754
0.63765,0.98754
0.63771,0.98754
0.63778,0.98754
0.63785,0.98754
0.63792,0.98754
0.63799,0.98754
0.63806,0.98754
0.63812,0.98754
0.63819,0.98754
0.63826,0.98754
0.63833,0.98754
0.63840,0.98754
0.63846,0.98754
0.63853,0.98754
0.63860,0.98754
0.63867,0.98754
0.63874,0.98754
0.63881,0.98754
0.63887,0.98754
0.63894,0.98754
0.63901,0.98754
0.63908,0.98754
0.63915,0.98754
0.63921,0.98754
0.63928,0.98754
0.63935,0.98754
0.63942,0.98754
0.63949,0.98754
0.63956,0.98754
0.63962,0.98754
0.63969,0.98754
0.63976,0.98754
0.63983,0.98754
0.63990,0.98754
0.63996,0.98754
0.64003,0.98754
0.64010,0.98754
0.64017,0.98754
0.64024,0.98754
0.64031,0.98754
0.64037,0.98754
0.64044,0.98754
0.64051,0.98754
0.64058,0.98754
0.64065,0.98754
0.64071,0.98754
0.64078,0.98754
0.64085,0.98754
0.64092,0.98754
0.64099,0.98754
0.64106,0.98754
0.64112,0.98754
0.64119,0.98754
0.64126,0.98754
0.64133,0.98754
0.64140,0.98754
0.64146,0.98754
0.64153,0.98754
0.64160,0.98754
0.64167,0.98754
0.64174,0.98754
0.64181,0.98754
0.64187,0.98754
0.64194,0.98754
0.64201,0.98754
0.64208,0.98754
0.64215,0.98754
0.64221,0.98754
0.64228,0.98754
0.64235,0.98754
0.64242,0.98754
0.64249,0.98754
0.64256,0.98754
0.64262,0.98754
0.64269,0.98754
0.64276,0.98754
0.64283,0.98754
0.64290,0.98754
0.64296,0.98754
0.64303,0.98754
0.64310,0.98754
0.64317,0.98754
0.64324,0.98754
0.64331,0.98754
0.64337,0.98754
0.64344,0.98754
0.64351,0.98754
0.64358,0.98754
0.64365,0.98754
0.64371,0.98754
0.64378,0.98754
0.64385,0.98754
0.64392,0.98754
0.64399,0.98754
0.64406,0.98754
0.64412,0.98754
0.64419,0.98754
0.64426,0.98754
0.64433,0.98754
0.64440,0.98754
0.64446,0.98754
0.64453,0.98754
0.64460,0.98754
0.64467,0.98754
0.64474,0.98754
0.64481,0.98754
0.64487,0.98754
0.64494,0.98754
0.64501,0.98754
0.64508,0.98754
0.64515,0.98754
0.64521,0.98754
0.64528,0.98754
0.64535,0.98754
0.64542,0.98754
0.64549,0.98754
0.64555,0.98754
0.64562,0.98754
0.64569,0.98754
0.64576,0.98754
0.64583,0.98754
0.64590,0.98754
0.64596,0.98754
0.64603,0.98754
0.64610,0.98754
0.64617,0.98754
0.64624,0.98754
0.64630,0.98754
0.64637,0.98754
0.64644,0.98754
0.64651,0.98754
0.64658,0.98754
0.64665,0.98754
0.64671,0.98754
0.64678,0.98754
0.64685,0.98754
0.64692,0.98754
0.64699,0.98754
0.64705,0.98754
0.64712,0.98754
0.64719,0.98754
0.64726,0.98754
0.64733,0.98754
0.64740,0.98754
0.64746,0.98754
0.64753,0.98754
0.64760,0.98754
0.64767,0.98754
0.64774,0.98754
0.64780,0.98754
0.64787,0.98754
0.64794,0.98754
0.64801,0.98754
0.64808,0.98754
0.64815,0.98754
0.64821,0.98754
0.64828,0.98754
0.64835,0.98754
0.64842,0.98754
0.64849,0.98754
0.64855,0.98754
0.64862,0.98754
0.64869,0.98754
0.64876,0.98754
0.64883,0.98754
0.64890,0.98754
0.64896,0.98754
0.64903,0.98754
0.64910,0.98754
0.64917,0.98754
0.64924,0.98754
0.64930,0.98754
0.64937,0.98754
0.64944,0.98754
0.64951,0.98754
0.64958,0.98754
0.64965,0.98754
0.64971,0.98754
0.64978,0.98754
0.64985,0.98754
0.64992,0.98754
0.64999,0.98754
0.65005,0.98754
0.65012,0.98754
0.65019,0.98754
0.65026,0.98754
0.65033,0.98754
0.65040,0.98754
0.65046,0.98754
0.65053,0.98754
0.65060,0.98754
0.65067,0.98754
0.65074,0.98754
0.65080,0.98754
0.65087,0.98754
0.65094,0.98754
0.65101,0.98754
0.65108,0.98754
0.65115,0.98754
0.65121,0.98754
0.65128,0.98754
0.65135,0.98754
0.65142,0.98754
0.65149,0.98754
0.65155,0.98754
0.65162,0.98754
0.65169,0.98754
0.65176,0.98754
0.65183,0.98754
0.65190,0.98754
0.65196,0.98754
0.65203,0.98754
0.65210,0.98754
0.65217,0.98754
0.65224,0.98754
0.65230,0.98754
0.65237,0.98754
0.65244,0.98754
0.65251,0.98754
0.65258,0.98754
0.65265,0.98754
0.65271,0.98754
0.65278,0.98754
0.65285,0.98754
0.65292,0.98754
0.65299,0.98754
0.65305,0.98754
0.65312,0.98754
0.65319,0.98754
0.65326,0.98754
0.65333,0.98754
0.65340,0.98754
0.65346,0.98754
0.65353,0.98754
0.65360,0.98754
0.65367,0.98754
0.65374,0.98754
0.65380,0.98754
0.65387,0.98754
0.65394,0.98754
0.65401,0.98754
0.65408,0.98754
0.65415,0.98754
0.65421,0.98754
0.65428,0.98754
0.65435,0.98754
0.65442,0.98754
0.65449,0.98754
0.65455,0.98754
0.65462,0.98754
0.65469,0.98754
0.65476,0.98754
0.65483,0.98754
0.65490,0.98754
0.65496,0.98754
0.65503,0.98754
0.65510,0.98754
0.65517,0.98754
0.65524,0.98754
0.65530,0.98754
0.65537,0.98754
0.65544,0.98754
0.65551,0.98754
0.65558,0.98754
0.65564,0.98754
0.65571,0.98754
0.65578,0.98754
0.65585,0.98754
0.65592,0.98754
0.65599,0.98754
0.65605,0.98754
0.65612,0.98754
0.65619,0.98754
0.65626,0.98754
0.65633,0.98754
0.65639,0.98754
0.65646,0.98754
0.65653,0.98754
0.65660,0.98754
0.65667,0.98754
0.65674,0.98754
0.65680,0.98754
0.65687,0.98754
0.65694,0.98754
0.65701,0.98754
0.65708,0.98754
0.65714,0.98754
0.65721,0.98754
0.65728,0.98754
0.65735,0.98754
0.65742,0.98754
0.65749,0.98754
0.65755,0.98754
0.65762,0.98754
0.65769,0.98754
0.65776,0.98754
0.65783,0.98754
0.65789,0.98754
0.65796,0.98754
0.65803,0.98754
0.65810,0.98754
0.65817,0.98754
0.65824,0.98754
0.65830,0.98754
0.65837,0.98754
0.65844,0.98754
0.65851,0.98754
0.65858,0.98754
0.65864,0.98754
0.65871,0.98754
0.65878,0.98754
0.65885,0.98754
0.65892,0.98754
0.65899,0.98754
0.65905,0.98754
0.65912,0.98754
0.65919,0.98754
0.65926,0.98754
0.65933,0.98754
0.65939,0.98754
0.65946,0.98754
0.65953,0.98754
0.65960,0.98754
0.65967,0.98754
0.65974,0.98754
0.65980,0.98754
0.65987,0.98754
0.65994,0.98754
0.66001,0.98754
0.66008,0.98754
0.66014,0.98754
0.66021,0.98754
0.66028,0.98754
0.66035,0.98754
0.66042,0.98754
0.66049,0.98754
0.66055,0.98754
0.66062,0.98754
0.66069,0.98754
0.66076,0.98754
0.66083,0.98754
0.66089,0.98754
0.66096,0.98754
0.66103,0.98754
0.66110,0.98754
0.66117,0.98754
0.66124,0.98754
0.66130,0.98754
0.66137,0.98754
0.66144,0.98754
0.66151,0.98754
0.66158,0.98754
0.66164,0.98754
0.66171,0.98754
0.66178,0.98754
0.66185,0.98754
0.66192,0.98754
0.66199,0.98754
0.66205,0.98754
0.66212,0.98754
0.66219,0.98754
0.66226,0.98754
0.66233,0.98754
0.66239,0.98754
0.66246,0.98754
0.66253,0.98754
0.66260,0.98754
0.66267,0.98754
0.66274,0.98754
0.66280,0.98754
0.66287,0.98754
0.66294,0.98754
0.66301,0.98754
0.66308,0.98754
0.66314,0.98754
0.66321,0.98754
0.66328,0.98754
0.66335,0.98754
0.66342,0.98754
0.66349,0.98754
0.66355,0.98754
0.66362,0.98754
0.66369,0.98754
0.66376,0.98754
0.66383,0.98754
0.66389,0.98754
0.66396,0.98754
0.66403,0.98754
0.66410,0.98754
0.66417,0.98754
0.66424,0.98754
0.66430,0.98754
0.66437,0.98754
0.66444,0.98754
0.66451,0.98754
0.66458,0.98754
0.66464,0.98754
0.66471,0.98754
0.66478,0.98754
0.66485,0.98754
0.66492,0.98754
0.66499,0.98754
0.66505,0.98754
0.66512,0.98754
0.66519,0.98754
0.66526,0.98754
0.66533,0.98754
0.66539,0.98754
0.66546,0.98754
0.66553,0.98754
0.66560,0.98754
0.66567,0.98754
0.66573,0.98754
0.66580,0.98754
0.66587,0.98754
0.66594,0.98754
0.66601,0.98754
0.66608,0.98754
0.66614,0.98754
0.66621,0.98754
0.66628,0.98754
0.66635,0.98754
0.66642,0.98754
0.66648,0.98754
0.66655,0.98754
0.66662,0.98754
0.66669,0.98754
0.66676,0.98754
0.66683,0.98754
0.66689,0.98754
0.66696,0.98754
0.66703,0.98754
0.66710,0.98754
0.66717,0.98754
0.66723,0.98754
0.66730,0.98754
0.66737,0.98754
0.66744,0.98754
0.66751,0.98754
0.66758,0.98754
0.66764,0.98754
0.66771,0.98754
0.66778,0.98754
0.66785,0.98754
0.66792,0.98754
0.66798,0.98754
0.66805,0.98754
0.66812,0.98754
0.66819,0.98754
0.66826,0.98754
0.66833,0.98754
0.66839,0.98754
0.66846,0.98754
0.66853,0.98754
0.66860,0.98754
0.66867,0.98754
0.66873,0.98754
0.66880,0.98754
0.66887,0.98754
0.66894,0.98754
0.66901,0.98754
0.66908,0.98754
0.66914,0.98754
0.66921,0.98754
0.66928,0.98754
0.66935,0.98754
0.66942,0.98754
0.66948,0.98754
0.66955,0.98754
0.66962,0.98754
0.66969,0.98754
0.66976,0.98754
0.66983,0.98754
0.66989,0.98754
0.66996,0.98754
0.67003,0.98754
0.67010,0.98754
0.67017,0.98754
0.67023,0.98754
0.67030,0.98754
0.67037,0.98754
0.67044,0.98754
0.67051,0.98754
0.67058,0.98754
0.67064,0.98754
0.67071,0.98754
0.67078,0.98754
0.67085,0.98754
0.67092,0.98754
0.67098,0.98754
0.67105,0.98754
0.67112,0.98754
0.67119,0.98754
0.67126,0.98754
0.67133,0.98754
0.67139,0.98754
0.67146,0.98754
0.67153,0.98754
0.67160,0.98754
0.67167,0.98754
0.67173,0.98754
0.67180,0.98754
0.67187,0.98754
0.67194,0.98754
0.67201,0.98754
0.67208,0.98754
0.67214,0.98754
0.67221,0.98754
0.67228,0.98754
0.67235,0.98754
0.67242,0.98754
0.67248,0.98754
0.67255,0.98754
0.67262,0.98754
0.67269,0.98754
0.67276,0.98754
0.67283,0.98754
0.67289,0.98754
0.67296,0.98754
0.67303,0.98754
0.67310,0.98754
0.67317,0.98754
0.67323,0.98754
0.67330,0.98754
0.67337,0.98754
0.67344,0.98754
0.67351,0.98754
0.67358,0.98754
0.67364,0.98754
0.67371,0.98754
0.67378,0.98754
0.67385,0.98754
0.67392,0.98754
0.67398,0.98754
0.67405,0.98754
0.67412,0.98754
0.67419,0.98754
0.67426,0.98754
0.67433,0.98754
0.67439,0.98754
0.67446,0.98754
0.67453,0.98754
0.67460,0.98754
0.67467,0.98754
0.67473,0.98754
0.67480,0.98754
0.67487,0.98754
0.67494,0.98754
0.67501,0.98754
0.67507,0.98754
0.67514,0.98754
0.67521,0.98754
0.67528,0.98754
0.67535,0.98754
0.67542,0.98754
0.67548,0.98754
0.67555,0.98754
0.67562,0.98754
0.67569,0.98754
0.67576,0.98754
0.67582,0.98754
0.67589,0.98754
0.67596,0.98754
0.67603,0.98754
0.67610,0.98754
0.67617,0.98754
0.67623,0.98754
0.67630,0.98754
0.67637,0.98754
0.67644,0.98754
0.67651,0.98754
0.67657,0.98754
0.67664,0.98754
0.67671,0.98754
0.67678,0.98754
0.67685,0.98754
0.67692,0.98754
0.67698,0.98754
0.67705,0.98754
0.67712,0.98754
0.67719,0.98754
0.67726,0.98754
0.67732,0.98754
0.67739,0.98754
0.67746,0.98754
0.67753,0.98754
0.67760,0.98754
0.67767,0.98754
0.67773,0.98754
0.67780,0.98754
0.67787,0.98754
0.67794,0.98754
0.67801,0.98754
0.67807,0.98754
0.67814,0.98754
0.67821,0.98754
0.67828,0.98754
0.67835,0.98754
0.67842,0.98754
0.67848,0.98754
0.67855,0.98754
0.67862,0.98754
0.67869,0.98754
0.67876,0.98754
0.67882,0.98754
0.67889,0.98754
0.67896,0.98754
0.67903,0.98754
0.67910,0.98754
0.67917,0.98754
0.67923,0.98754
0.67930,0.98754
0.67937,0.98754
0.67944,0.98754
0.67951,0.98754
0.67957,0.98754
0.67964,0.98754
0.67971,0.98754
0.67978,0.98754
0.67985,0.98754
0.67992,0.98754
0.67998,0.98754
0.68005,0.98754
0.68012,0.98754
0.68019,0.98754
0.68026,0.98754
0.68032,0.98754
0.68039,0.98754
0.68046,0.98754
0.68053,0.98754
0.68060,0.98754
0.68067,0.98754
0.68073,0.98754
0.68080,0.98754
0.68087,0.98754
0.68094,0.98754
0.68101,0.98754
0.68107,0.98754
0.68114,0.98754
0.68121,0.98754
0.68128,0.98754
0.68135,0.98754
0.68142,0.98754
0.68148,0.98754
0.68155,0.98754
0.68162,0.98754
0.68169,0.98754
0.68176,0.98754
0.68182,0.98754
0.68189,0.98754
0.68196,0.98754
0.68203,0.98754
0.68210,0.98754
0.68217,0.98754
0.68223,0.98754
0.68230,0.98754
0.68237,0.98754
0.68244,0.98754
0.68251,0.98754
0.68257,0.98754
0.68264,0.98754
0.68271,0.98754
0.68278,0.98754
0.68285,0.98754
0.68292,0.98754
0.68298,0.98754
0.68305,0.98754
0.68312,0.98754
0.68319,0.98754
0.68326,0.98754
0.68332,0.98754
0.68339,0.98754
0.68346,0.98754
0.68353,0.98754
0.68360,0.98754
0.68367,0.98754
0.68373,0.98754
0.68380,0.98754
0.68387,0.98754
0.68394,0.98754
0.68401,0.98754
0.68407,0.98754
0.68414,0.98754
0.68421,0.98754
0.68428,0.98754
0.68435,0.98754
0.68442,0.98754
0.68448,0.98754
0.68455,0.98754
0.68462,0.98754
0.68469,0.98754
0.68476,0.98754
0.68482,0.98754
0.68482,0.98837
0.68489,0.98837
0.68496,0.98837
0.68503,0.98837
0.68510,0.98837
0.68516,0.98837
0.68523,0.98837
0.68530,0.98837
0.68537,0.98837
0.68544,0.98837
0.68551,0.98837
0.68557,0.98837
0.68564,0.98837
0.68571,0.98837
0.68578,0.98837
0.68585,0.98837
0.68591,0.98837
0.68598,0.98837
0.68605,0.98837
0.68612,0.98837
0.68619,0.98837
0.68626,0.98837
0.68632,0.98837
0.68639,0.98837
0.68646,0.98837
0.68653,0.98837
0.68660,0.98837
0.68666,0.98837
0.68673,0.98837
0.68680,0.98837
0.68687,0.98837
0.68694,0.98837
0.68701,0.98837
0.68707,0.98837
0.68714,0.98837
0.68721,0.98837
0.68728,0.98837
0.68735,0.98837
0.68741,0.98837
0.68748,0.98837
0.68755,0.98837
0.68762,0.98837
0.68769,0.98837
0.68776,0.98837
0.68782,0.98837
0.68789,0.98837
0.68796,0.98837
0.68803,0.98837
0.68810,0.98837
0.68816,0.98837
0.68823,0.98837
0.68830,0.98837
0.68837,0.98837
0.68844,0.98837
0.68851,0.98837
0.68857,0.98837
0.68864,0.98837
0.68871,0.98837
0.68878,0.98837
0.68885,0.98837
0.68891,0.98837
0.68898,0.98837
0.68905,0.98837
0.68912,0.98837
0.68919,0.98837
0.68926,0.98837
0.68932,0.98837
0.68939,0.98837
0.68946,0.98837
0.68953,0.98837
0.68960,0.98837
0.68966,0.98837
0.68973,0.98837
0.68980,0.98837
0.68987,0.98837
0.68994,0.98837
0.69001,0.98837
0.69007,0.98837
0.69014,0.98837
0.69021,0.98837
0.69028,0.98837
0.69035,0.98837
0.69041,0.98837
0.69048,0.98837
0.69055,0.98837
0.69062,0.98837
0.69069,0.98837
0.69076,0.98837
0.69082,0.98837
0.69089,0.98837
0.69096,0.98837
0.69103,0.98837
0.69110,0.98837
0.69116,0.98837
0.69123,0.98837
0.69130,0.98837
0.69137,0.98837
0.69144,0.98837
0.69151,0.98837
0.69157,0.98837
0.69164,0.98837
0.69171,0.98837
0.69178,0.98837
0.69185,0.98837
0.69191,0.98837
0.69198,0.98837
0.69205,0.98837
0.69212,0.98837
0.69219,0.98837
0.69226,0.98837
0.69232,0.98837
0.69239,0.98837
0.69246,0.98837
0.69253,0.98837
0.69260,0.98837
0.69266,0.98837
0.69273,0.98837
0.69280,0.98837
0.69287,0.98837
0.69294,0.98837
0.69301,0.98837
0.69307,0.98837
0.69314,0.98837
0.69321,0.98837
0.69328,0.98837
0.69335,0.98837
0.69341,0.98837
0.69348,0.98837
0.69355,0.98837
0.69362,0.98837
0.69369,0.98837
0.69376,0.98837
0.69382,0.98837
0.69389,0.98837
0.69396,0.98837
0.69403,0.98837
0.69410,0.98837
0.69416,0.98837
0.69423,0.98837
0.69430,0.98837
0.69437,0.98837
0.69444,0.98837
0.69451,0.98837
0.69457,0.98837
0.69464,0.98837
0.69471,0.98837
0.69478,0.98837
0.69485,0.98837
0.69491,0.98837
0.69498,0.98837
0.69505,0.98837
0.69512,0.98837
0.69519,0.98837
0.69525,0.98837
0.69532,0.98837
0.69539,0.98837
0.69546,0.98837
0.69553,0.98837
0.69560,0.98837
0.69566,0.98837
0.69573,0.98837
0.69580,0.98837
0.69587,0.98837
0.69594,0.98837
0.69600,0.98837
0.69607,0.98837
0.69614,0.98837
0.69621,0.98837
0.69628,0.98837
0.69635,0.98837
0.69641,0.98837
0.69648,0.98837
0.69655,0.98837
0.69662,0.98837
0.69669,0.98837
0.69675,0.98837
0.69682,0.98837
0.69689,0.98837
0.69696,0.98837
0.69703,0.98837
0.69710,0.98837
0.69716,0.98837
0.69723,0.98837
0.69730,0.98837
0.69737,0.98837
0.69744,0.98837
0.69750,0.98837
0.69757,0.98837
0.69764,0.98837
0.69771,0.98837
0.69778,0.98837
0.69785,0.98837
0.69791,0.98837
0.69798,0.98837
0.69805,0.98837
0.69812,0.98837
0.69819,0.98837
0.69825,0.98837
0.69832,0.98837
0.69839,0.98837
0.69846,0.98837
0.69853,0.98837
0.69860,0.98837
0.69866,0.98837
0.69873,0.98837
0.69880,0.98837
0.69887,0.98837
0.69894,0.98837
0.69900,0.98837
0.69907,0.98837
0.69914,0.98837
0.69921,0.98837
0.69928,0.98837
0.69935,0.98837
0.69941,0.98837
0.69948,0.98837
0.69955,0.98837
0.69962,0.98837
0.69969,0.98837
0.69975,0.98837
0.69982,0.98837
0.69989,0.98837
0.69996,0.98837
0.70003,0.98837
0.70010,0.98837
0.70016,0.98837
0.70023,0.98837
0.70030,0.98837
0.70037,0.98837
0.70044,0.98837
0.70050,0.98837
0.70057,0.98837
0.70064,0.98837
0.70071,0.98837
0.70078,0.98837
0.70085,0.98837
0.70091,0.98837
0.70098,0.98837
0.70105,0.98837
0.70112,0.98837
0.70119,0.98837
0.70125,0.98837
0.70132,0.98837
0.70139,0.98837
0.70146,0.98837
0.70153,0.98837
0.70160,0.98837
0.70166,0.98837
0.70173,0.98837
0.70180,0.98837
0.70187,0.98837
0.70194,0.98837
0.70200,0.98837
0.70207,0.98837
0.70214,0.98837
0.70221,0.98837
0.70228,0.98837
0.70235,0.98837
0.70241,0.98837
0.70248,0.98837
0.70255,0.98837
0.70262,0.98837
0.70269,0.98837
0.70275,0.98837
0.70282,0.98837
0.70289,0.98837
0.70296,0.98837
0.70303,0.98837
0.70310,0.98837
0.70316,0.98837
0.70323,0.98837
0.70330,0.98837
0.70337,0.98837
0.70344,0.98837
0.70350,0.98837
0.70357,0.98837
0.70364,0.98837
0.70371,0.98837
0.70378,0.98837
0.70385,0.98837
0.70391,0.98837
0.70398,0.98837
0.70405,0.98837
0.70412,0.98837
0.70419,0.98837
0.70425,0.98837
0.70432,0.98837
0.70439,0.98837
0.70446,0.98837
0.70453,0.98837
0.70460,0.98837
0.70466,0.98837
0.70473,0.98837
0.70480,0.98837
0.70487,0.98837
0.70494,0.98837
0.70500,0.98837
0.70507,0.98837
0.70514,0.98837
0.70521,0.98837
0.70528,0.98837
0.70534,0.98837
0.70541,0.98837
0.70548,0.98837
0.70555,0.98837
0.70562,0.98837
0.70569,0.98837
0.70575,0.98837
0.70582,0.98837
0.70589,0.98837
0.70596,0.98837
0.70603,0.98837
0.70609,0.98837
0.70616,0.98837
0.70623,0.98837
0.70630,0.98837
0.70637,0.98837
0.70644,0.98837
0.70650,0.98837
0.70657,0.98837
0.70664,0.98837
0.70671,0.98837
0.70678,0.98837
0.70684,0.98837
0.70691,0.98837
0.70698,0.98837
0.70705,0.98837
0.70712,0.98837
0.70719,0.98837
0.70725,0.98837
0.70732,0.98837
0.70739,0.98837
0.70746,0.98837
0.70753,0.98837
0.70759,0.98837
0.70766,0.98837
0.70773,0.98837
0.70780,0.98837
0.70787,0.98837
0.70794,0.98837
0.70800,0.98837
0.70807,0.98837
0.70814,0.98837
0.70821,0.98837
0.70828,0.98837
0.70834,0.98837
0.70841,0.98837
0.70848,0.98837
0.70855,0.98837
0.70862,0.98837
0.70869,0.98837
0.70875,0.98837
0.70882,0.98837
0.70889,0.98837
0.70896,0.98837
0.70903,0.98837
0.70909,0.98837
0.70916,0.98837
0.70923,0.98837
0.70930,0.98837
0.70937,0.98837
0.70944,0.98837
0.70950,0.98837
0.70957,0.98837
0.70964,0.98837
0.70971,0.98837
0.70978,0.98837
0.70984,0.98837
0.70991,0.98837
0.70998,0.98837
0.71005,0.98837
0.71012,0.98837
0.71019,0.98837
0.71025,0.98837
0.71032,0.98837
0.71039,0.98837
0.71046,0.98837
0.71053,0.98837
0.71059,0.98837
0.71066,0.98837
0.71073,0.98837
0.71080,0.98837
0.71087,0.98837
0.71094,0.98837
0.71100,0.98837
0.71107,0.98837
0.71114,0.98837
0.71121,0.98837
0.71128,0.98837
0.71134,0.98837
0.71141,0.98837
0.71148,0.98837
0.71155,0.98837
0.71162,0.98837
0.71169,0.98837
0.71175,0.98837
0.71182,0.98837
0.71189,0.98837
0.71196,0.98837
0.71203,0.98837
0.71209,0.98837
0.71216,0.98837
0.71223,0.98837
0.71230,0.98837
0.71237,0.98837
0.71244,0.98837
0.71250,0.98837
0.71257,0.98837
0.71264,0.98837
0.71271,0.98837
0.71278,0.98837
0.71284,0.98837
0.71291,0.98837
0.71298,0.98837
0.71305,0.98837
0.71305,0.98920
0.71312,0.98920
0.71319,0.98920
0.71325,0.98920
0.71332,0.98920
0.71339,0.98920
0.71346,0.98920
0.71353,0.98920
0.71359,0.98920
0.71366,0.98920
0.71373,0.98920
0.71380,0.98920
0.71387,0.98920
0.71394,0.98920
0.71400,0.98920
0.71407,0.98920
0.71414,0.98920
0.71421,0.98920
0.71428,0.98920
0.71434,0.98920
0.71441,0.98920
0.71448,0.98920
0.71455,0.98920
0.71462,0.98920
0.71469,0.98920
0.71475,0.98920
0.71482,0.98920
0.71489,0.98920
0.71496,0.98920
0.71503,0.98920
0.71509,0.98920
0.71516,0.98920
0.71523,0.98920
0.71530,0.98920
0.71537,0.98920
0.71543,0.98920
0.71550,0.98920
0.71557,0.98920
0.71564,0.98920
0.71571,0.98920
0.71578,0.98920
0.71584,0.98920
0.71591,0.98920
0.71598,0.98920
0.71605,0.98920
0.71612,0.98920
0.71618,0.98920
0.71625,0.98920
0.71632,0.98920
0.71639,0.98920
0.71646,0.98920
0.71653,0.98920
0.71659,0.98920
0.71666,0.98920
0.71673,0.98920
0.71680,0.98920
0.71687,0.98920
0.71693,0.98920
0.71700,0.98920
0.71707,0.98920
0.71714,0.98920
0.71721,0.98920
0.71728,0.98920
0.71734,0.98920
0.71741,0.98920
0.71748,0.98920
0.71755,0.98920
0.71762,0.98920
0.71768,0.98920
0.71775,0.98920
0.71782,0.98920
0.71789,0.98920
0.71796,0.98920
0.71803,0.98920
0.71809,0.98920
0.71816,0.98920
0.71823,0.98920
0.71830,0.98920
0.71837,0.98920
0.71843,0.98920
0.71850,0.98920
0.71857,0.98920
0.71864,0.98920
0.71871,0.98920
0.71878,0.98920
0.71884,0.98920
0.71891,0.98920
0.71898,0.98920
0.71905,0.98920
0.71912,0.98920
0.71918,0.98920
0.71925,0.98920
0.71932,0.98920
0.71939,0.98920
0.71946,0.98920
0.71953,0.98920
0.71959,0.98920
0.71966,0.98920
0.71973,0.98920
0.71980,0.98920
0.71987,0.98920
0.71993,0.98920
0.72000,0.98920
0.72007,0.98920
0.72014,0.98920
0.72021,0.98920
0.72028,0.98920
0.72034,0.98920
0.72041,0.98920
0.72048,0.98920
0.72055,0.98920
0.72062,0.98920
0.72068,0.98920
0.72075,0.98920
0.72082,0.98920
0.72089,0.98920
0.72096,0.98920
0.72103,0.98920
0.72109,0.98920
0.72116,0.98920
0.72123,0.98920
0.72130,0.98920
0.72137,0.98920
0.72143,0.98920
0.72150,0.98920
0.72157,0.98920
0.72164,0.98920
0.72171,0.98920
0.72178,0.98920
0.72184,0.98920
0.72191,0.98920
0.72198,0.98920
0.72205,0.98920
0.72212,0.98920
0.72218,0.98920
0.72225,0.98920
0.72232,0.98920
0.72239,0.98920
0.72246,0.98920
0.72253,0.98920
0.72259,0.98920
0.72266,0.98920
0.72273,0.98920
0.72280,0.98920
0.72287,0.98920
0.72293,0.98920
0.72300,0.98920
0.72307,0.98920
0.72314,0.98920
0.72321,0.98920
0.72328,0.98920
0.72334,0.98920
0.72341,0.98920
0.72348,0.98920
0.72355,0.98920
0.72362,0.98920
0.72368,0.98920
0.72375,0.98920
0.72382,0.98920
0.72389,0.98920
0.72396,0.98920
0.72403,0.98920
0.72409,0.98920
0.72416,0.98920
0.72423,0.98920
0.72430,0.98920
0.72437,0.98920
0.72443,0.98920
0.72450,0.98920
0.72457,0.98920
0.72464,0.98920
0.72471,0.98920
0.72478,0.98920
0.72484,0.98920
0.72491,0.98920
0.72498,0.98920
0.72505,0.98920
0.72512,0.98920
0.72518,0.98920
0.72525,0.98920
0.72532,0.98920
0.72539,0.98920
0.72546,0.98920
0.72552,0.98920
0.72559,0.98920
0.72566,0.98920
0.72573,0.98920
0.72580,0.98920
0.72587,0.98920
0.72593,0.98920
0.72600,0.98920
0.72607,0.98920
0.72614,0.98920
0.72621,0.98920
0.72627,0.98920
0.72634,0.98920
0.72641,0.98920
0.72648,0.98920
0.72655,0.98920
0.72662,0.98920
0.72668,0.98920
0.72675,0.98920
0.72682,0.98920
0.72689,0.98920
0.72696,0.98920
0.72702,0.98920
0.72709,0.98920
0.72716,0.98920
0.72723,0.98920
0.72730,0.98920
0.72737,0.98920
0.72743,0.98920
0.72750,0.98920
0.72757,0.98920
0.72764,0.98920
0.72771,0.98920
0.72777,0.98920
0.72784,0.98920
0.72791,0.98920
0.72798,0.98920
0.72805,0.98920
0.72812,0.98920
0.72818,0.98920
0.72825,0.98920
0.72832,0.98920
0.72839,0.98920
0.72846,0.98920
0.72852,0.98920
0.72859,0.98920
0.72866,0.98920
0.72873,0.98920
0.72880,0.98920
0.72887,0.98920
0.72893,0.98920
0.72900,0.98920
0.72907,0.98920
0.72914,0.98920
0.72921,0.98920
0.72927,0.98920
0.72934,0.98920
0.72941,0.98920
0.72948,0.98920
0.72955,0.98920
0.72962,0.98920
0.72968,0.98920
0.72975,0.98920
0.72982,0.98920
0.72989,0.98920
0.72996,0.98920
0.73002,0.98920
0.73009,0.98920
0.73016,0.98920
0.73023,0.98920
0.73030,0.98920
0.73037,0.98920
0.73043,0.98920
0.73050,0.98920
0.73057,0.98920
0.73064,0.98920
0.73071,0.98920
0.73077,0.98920
0.73084,0.98920
0.73091,0.98920
0.73098,0.98920
0.73105,0.98920
0.73112,0.98920
0.73118,0.98920
0.73125,0.98920
0.73132,0.98920
0.73139,0.98920
0.73146,0.98920
0.73152,0.98920
0.73159,0.98920
0.73166,0.98920
0.73173,0.98920
0.73180,0.98920
0.73187,0.98920
0.73193,0.98920
0.73200,0.98920
0.73207,0.98920
0.73214,0.98920
0.73221,0.98920
0.73227,0.98920
0.73234,0.98920
0.73241,0.98920
0.73248,0.98920
0.73255,0.98920
0.73262,0.98920
0.73268,0.98920
0.73275,0.98920
0.73282,0.98920
0.73289,0.98920
0.73296,0.98920
0.73302,0.98920
0.73309,0.98920
0.73316,0.98920
0.73323,0.98920
0.73330,0.98920
0.73337,0.98920
0.73343,0.98920
0.73350,0.98920
0.73357,0.98920
0.73364,0.98920
0.73371,0.98920
0.73377,0.98920
0.73384,0.98920
0.73391,0.98920
0.73398,0.98920
0.73405,0.98920
0.73412,0.98920
0.73418,0.98920
0.73425,0.98920
0.73432,0.98920
0.73439,0.98920
0.73446,0.98920
0.73452,0.98920
0.73459,0.98920
0.73466,0.98920
0.73473,0.98920
0.73480,0.98920
0.73487,0.98920
0.73493,0.98920
0.73500,0.98920
0.73507,0.98920
0.73514,0.98920
0.73521,0.98920
0.73527,0.98920
0.73534,0.98920
0.73541,0.98920
0.73548,0.98920
0.73555,0.98920
0.73561,0.98920
0.73568,0.98920
0.73575,0.98920
0.73582,0.98920
0.73589,0.98920
0.73596,0.98920
0.73602,0.98920
0.73609,0.98920
0.73616,0.98920
0.73623,0.98920
0.73630,0.98920
0.73636,0.98920
0.73643,0.98920
0.73650,0.98920
0.73657,0.98920
0.73664,0.98920
0.73671,0.98920
0.73677,0.98920
0.73684,0.98920
0.73691,0.98920
0.73698,0.98920
0.73705,0.98920
0.73711,0.98920
0.73718,0.98920
0.73725,0.98920
0.73732,0.98920
0.73739,0.98920
0.73746,0.98920
0.73752,0.98920
0.73759,0.98920
0.73766,0.98920
0.73773,0.98920
0.73780,0.98920
0.73786,0.98920
0.73793,0.98920
0.73800,0.98920
0.73807,0.98920
0.73814,0.98920
0.73821,0.98920
0.73827,0.98920
0.73834,0.98920
0.73841,0.98920
0.73848,0.98920
0.73855,0.98920
0.73861,0.98920
0.73868,0.98920
0.73875,0.98920
0.73882,0.98920
0.73889,0.98920
0.73896,0.98920
0.73902,0.98920
0.73909,0.98920
0.73916,0.98920
0.73923,0.98920
0.73930,0.98920
0.73936,0.98920
0.73943,0.98920
0.73950,0.98920
0.73957,0.98920
0.73964,0.98920
0.73971,0.98920
0.73977,0.98920
0.73984,0.98920
0.73991,0.98920
0.73998,0.98920
0.74005,0.98920
0.74011,0.98920
0.74018,0.98920
0.74025,0.98920
0.74032,0.98920
0.74039,0.98920
0.74046,0.98920
0.74052,0.98920
0.74059,0.98920
0.74066,0.98920
0.74073,0.98920
0.74080,0.98920
0.74086,0.98920
0.74093,0.98920
0.74100,0.98920
0.74107,0.98920
0.74114,0.98920
0.74121,0.98920
0.74127,0.98920
0.74134,0.98920
0.74141,0.98920
0.74148,0.98920
0.74155,0.98920
0.74161,0.98920
0.74168,0.98920
0.74175,0.98920
0.74182,0.98920
0.74189,0.98920
0.74196,0.98920
0.74202,0.98920
0.74209,0.98920
0.74216,0.98920
0.74223,0.98920
0.74230,0.98920
0.74236,0.98920
0.74243,0.98920
0.74250,0.98920
0.74257,0.98920
0.74264,0.98920
0.74271,0.98920
0.74277,0.98920
0.74284,0.98920
0.74291,0.98920
0.74298,0.98920
0.74305,0.98920
0.74311,0.98920
0.74318,0.98920
0.74325,0.98920
0.74332,0.98920
0.74339,0.98920
0.74346,0.98920
0.74352,0.98920
0.74359,0.98920
0.74366,0.98920
0.74373,0.98920
0.74380,0.98920
0.74386,0.98920
0.74393,0.98920
0.74400,0.98920
0.74407,0.98920
0.74414,0.98920
0.74421,0.98920
0.74427,0.98920
0.74434,0.98920
0.74441,0.98920
0.74448,0.98920
0.74455,0.98920
0.74461,0.98920
0.74468,0.98920
0.74475,0.98920
0.74482,0.98920
0.74489,0.98920
0.74496,0.98920
0.74502,0.98920
0.74509,0.98920
0.74516,0.98920
0.74523,0.98920
0.74530,0.98920
0.74536,0.98920
0.74543,0.98920
0.74550,0.98920
0.74557,0.98920
0.74564,0.98920
0.74570,0.98920
0.74577,0.98920
0.74584,0.98920
0.74591,0.98920
0.74598,0.98920
0.74605,0.98920
0.74611,0.98920
0.74618,0.98920
0.74625,0.98920
0.74632,0.98920
0.74639,0.98920
0.74645,0.98920
0.74652,0.98920
0.74659,0.98920
0.74666,0.98920
0.74673,0.98920
0.74680,0.98920
0.74686,0.98920
0.74693,0.98920
0.74700,0.98920
0.74707,0.98920
0.74714,0.98920
0.74720,0.98920
0.74727,0.98920
0.74734,0.98920
0.74741,0.98920
0.74748,0.98920
0.74755,0.98920
0.74761,0.98920
0.74768,0.98920
0.74775,0.98920
0.74782,0.98920
0.74789,0.98920
0.74795,0.98920
0.74802,0.98920
0.74809,0.98920
0.74816,0.98920
0.74823,0.98920
0.74830,0.98920
0.74836,0.98920
0.74843,0.98920
0.74850,0.98920
0.74857,0.98920
0.74864,0.98920
0.74870,0.98920
0.74877,0.98920
0.74884,0.98920
0.74891,0.98920
0.74898,0.98920
0.74905,0.98920
0.74911,0.98920
0.74918,0.98920
0.74925,0.98920
0.74932,0.98920
0.74939,0.98920
0.74945,0.98920
0.74952,0.98920
0.74959,0.98920
0.74966,0.98920
0.74973,0.98920
0.74980,0.98920
0.74986,0.98920
0.74993,0.98920
0.75000,0.98920
0.75007,0.98920
0.75014,0.98920
0.75020,0.98920
0.75027,0.98920
0.75034,0.98920
0.75041,0.98920
0.75048,0.98920
0.75055,0.98920
0.75061,0.98920
0.75068,0.98920
0.75075,0.98920
0.75082,0.98920
0.75089,0.98920
0.75095,0.98920
0.75102,0.98920
0.75109,0.98920
0.75116,0.98920
0.75123,0.98920
0.75130,0.98920
0.75136,0.98920
0.75143,0.98920
0.75150,0.98920
0.75157,0.98920
0.75164,0.98920
0.75170,0.98920
0.75177,0.98920
0.75184,0.98920
0.75191,0.98920
0.75198,0.98920
0.75205,0.98920
0.75211,0.98920
0.75218,0.98920
0.75225,0.98920
0.75232,0.98920
0.75239,0.98920
0.75245,0.98920
0.75252,0.98920
0.75259,0.98920
0.75266,0.98920
0.75273,0.98920
0.75280,0.98920
0.75286,0.98920
0.75293,0.98920
0.75300,0.98920
0.75307,0.98920
0.75314,0.98920
0.75320,0.98920
0.75327,0.98920
0.75334,0.98920
0.75341,0.98920
0.75348,0.98920
0.75355,0.98920
0.75361,0.98920
0.75368,0.98920
0.75375,0.98920
0.75382,0.98920
0.75389,0.98920
0.75395,0.98920
0.75402,0.98920
0.75409,0.98920
0.75416,0.98920
0.75423,0.98920
0.75430,0.98920
0.75436,0.98920
0.75443,0.98920
0.75450,0.98920
0.75457,0.98920
0.75464,0.98920
0.75470,0.98920
0.75477,0.98920
0.75484,0.98920
0.75491,0.98920
0.75498,0.98920
0.75504,0.98920
0.75511,0.98920
0.75518,0.98920
0.75525,0.98920
0.75532,0.98920
0.75539,0.98920
0.75545,0.98920
0.75552,0.98920
0.75559,0.98920
0.75566,0.98920
0.75573,0.98920
0.75579,0.98920
0.75586,0.98920
0.75593,0.98920
0.75600,0.98920
0.75607,0.98920
0.75614,0.98920
0.75620,0.98920
0.75627,0.98920
0.75634,0.98920
0.75641,0.98920
0.75648,0.98920
0.75654,0.98920
0.75661,0.98920
0.75668,0.98920
0.75675,0.98920
0.75682,0.98920
0.75689,0.98920
0.75695,0.98920
0.75702,0.98920
0.75709,0.98920
0.75716,0.98920
0.75723,0.98920
0.75729,0.98920
0.75736,0.98920
0.75743,0.98920
0.75750,0.98920
0.75757,0.98920
0.75764,0.98920
0.75770,0.98920
0.75777,0.98920
0.75784,0.98920
0.75791,0.98920
0.75798,0.98920
0.75804,0.98920
0.75811,0.98920
0.75818,0.98920
0.75825,0.98920
0.75832,0.98920
0.75839,0.98920
0.75845,0.98920
0.75852,0.98920
0.75859,0.98920
0.75866,0.98920
0.75873,0.98920
0.75879,0.98920
0.75886,0.98920
0.75893,0.98920
0.75900,0.98920
0.75907,0.98920
0.75914,0.98920
0.75920,0.98920
0.75927,0.98920
0.75934,0.98920
0.75941,0.98920
0.75948,0.98920
0.75954,0.98920
0.75961,0.98920
0.75968,0.98920
0.75975,0.98920
0.75982,0.98920
0.75989,0.98920
0.75995,0.98920
0.76002,0.98920
0.76009,0.98920
0.76016,0.98920
0.76023,0.98920
0.76029,0.98920
0.76036,0.98920
0.76043,0.98920
0.76050,0.98920
0.76057,0.98920
0.76064,0.98920
0.76070,0.98920
0.76077,0.98920
0.76084,0.98920
0.76091,0.98920
0.76098,0.98920
0.76104,0.98920
0.76111,0.98920
0.76118,0.98920
0.76125,0.98920
0.76132,0.98920
0.76139,0.98920
0.76145,0.98920
0.76152,0.98920
0.76159,0.98920
0.76166,0.98920
0.76173,0.98920
0.76179,0.98920
0.76186,0.98920
0.76193,0.98920
0.76200,0.98920
0.76207,0.98920
0.76214,0.98920
0.76220,0.98920
0.76227,0.98920
0.76234,0.98920
0.76241,0.98920
0.76248,0.98920
0.76254,0.98920
0.76261,0.98920
0.76268,0.98920
0.76275,0.98920
0.76282,0.98920
0.76289,0.98920
0.76295,0.98920
0.76302,0.98920
0.76309,0.98920
0.76316,0.98920
0.76323,0.98920
0.76329,0.98920
0.76336,0.98920
0.76343,0.98920
0.76350,0.98920
0.76357,0.98920
0.76364,0.98920
0.76370,0.98920
0.76377,0.98920
0.76384,0.98920
0.76391,0.98920
0.76398,0.98920
0.76404,0.98920
0.76411,0.98920
0.76418,0.98920
0.76425,0.98920
0.76432,0.98920
0.76439,0.98920
0.76445,0.98920
0.76452,0.98920
0.76459,0.98920
0.76466,0.98920
0.76473,0.98920
0.76479,0.98920
0.76486,0.98920
0.76493,0.98920
0.76500,0.98920
0.76507,0.98920
0.76513,0.98920
0.76520,0.98920
0.76527,0.98920
0.76534,0.98920
0.76541,0.98920
0.76548,0.98920
0.76554,0.98920
0.76561,0.98920
0.76568,0.98920
0.76575,0.98920
0.76582,0.98920
0.76588,0.98920
0.76595,0.98920
0.76602,0.98920
0.76609,0.98920
0.76616,0.98920
0.76623,0.98920
0.76629,0.98920
0.76636,0.98920
0.76643,0.98920
0.76650,0.98920
0.76657,0.98920
0.76663,0.98920
0.76670,0.98920
0.76677,0.98920
0.76684,0.98920
0.76691,0.98920
0.76698,0.98920
0.76704,0.98920
0.76711,0.98920
0.76718,0.98920
0.76725,0.98920
0.76732,0.98920
0.76738,0.98920
0.76745,0.98920
0.76752,0.98920
0.76759,0.98920
0.76766,0.98920
0.76773,0.98920
0.76779,0.98920
0.76786,0.98920
0.76793,0.98920
0.76800,0.98920
0.76807,0.98920
0.76813,0.98920
0.76820,0.98920
0.76827,0.98920
0.76834,0.98920
0.76841,0.98920
0.76848,0.98920
0.76854,0.98920
0.76861,0.98920
0.76868,0.98920
0.76875,0.98920
0.76882,0.98920
0.76888,0.98920
0.76895,0.98920
0.76902,0.98920
0.76909,0.98920
0.76916,0.98920
0.76923,0.98920
0.76929,0.98920
0.76936,0.98920
0.76943,0.98920
0.76950,0.98920
0.76957,0.98920
0.76963,0.98920
0.76970,0.98920
0.76977,0.98920
0.76984,0.98920
0.76991,0.98920
0.76998,0.98920
0.77004,0.98920
0.77011,0.98920
0.77018,0.98920
0.77025,0.98920
0.77032,0.98920
0.77038,0.98920
0.77045,0.98920
0.77052,0.98920
0.77059,0.98920
0.77066,0.98920
0.77073,0.98920
0.77079,0.98920
0.77086,0.98920
0.77093,0.98920
0.77100,0.98920
0.77107,0.98920
0.77113,0.98920
0.77120,0.98920
0.77127,0.98920
0.77134,0.98920
0.77141,0.98920
0.77148,0.98920
0.77154,0.98920
0.77161,0.98920
0.77168,0.98920
0.77175,0.98920
0.77182,0.98920
0.77188,0.98920
0.77195,0.98920
0.77202,0.98920
0.77209,0.98920
0.77216,0.98920
0.77223,0.98920
0.77229,0.98920
0.77236,0.98920
0.77243,0.98920
0.77250,0.98920
0.77257,0.98920
0.77263,0.98920
0.77270,0.98920
0.77277,0.98920
0.77284,0.98920
0.77291,0.98920
0.77298,0.98920
0.77304,0.98920
0.77311,0.98920
0.77318,0.98920
0.77325,0.98920
0.77332,0.98920
0.77338,0.98920
0.77345,0.98920
0.77352,0.98920
0.77359,0.98920
0.77366,0.98920
0.77373,0.98920
0.77379,0.98920
0.77386,0.98920
0.77393,0.98920
0.77400,0.98920
0.77407,0.98920
0.77413,0.98920
0.77420,0.98920
0.77427,0.98920
0.77434,0.98920
0.77441,0.98920
0.77448,0.98920
0.77454,0.98920
0.77461,0.98920
0.77468,0.98920
0.77475,0.98920
0.77482,0.98920
0.77488,0.98920
0.77495,0.98920
0.77502,0.98920
0.77509,0.98920
0.77516,0.98920
0.77522,0.98920
0.77529,0.98920
0.77536,0.98920
0.77543,0.98920
0.77550,0.98920
0.77557,0.98920
0.77563,0.98920
0.77570,0.98920
0.77577,0.98920
0.77584,0.98920
0.77591,0.98920
0.77597,0.98920
0.77604,0.98920
0.77611,0.98920
0.77618,0.98920
0.77625,0.98920
0.77632,0.98920
0.77638,0.98920
0.77645,0.98920
0.77652,0.98920
0.77659,0.98920
0.77666,0.98920
0.77672,0.98920
0.77679,0.98920
0.77686,0.98920
0.77693,0.98920
0.77700,0.98920
0.77707,0.98920
0.77713,0.98920
0.77720,0.98920
0.77727,0.98920
0.77734,0.98920
0.77741,0.98920
0.77747,0.98920
0.77754,0.98920
0.77761,0.98920
0.77768,0.98920
0.77775,0.98920
0.77782,0.98920
0.77788,0.98920
0.77795,0.98920
0.77802,0.98920
0.77809,0.98920
0.77816,0.98920
0.77822,0.98920
0.77829,0.98920
0.77836,0.98920
0.77843,0.98920
0.77850,0.98920
0.77857,0.98920
0.77863,0.98920
0.77870,0.98920
0.77877,0.98920
0.77884,0.98920
0.77891,0.98920
0.77897,0.98920
0.77904,0.98920
0.77911,0.98920
0.77918,0.98920
0.77925,0.98920
0.77932,0.98920
0.77938,0.98920
0.77945,0.98920
0.77952,0.98920
0.77959,0.98920
0.77966,0.98920
0.77972,0.98920
0.77979,0.98920
0.77986,0.98920
0.77993,0.98920
0.78000,0.98920
0.78007,0.98920
0.78013,0.98920
0.78020,0.98920
0.78027,0.98920
0.78034,0.98920
0.78041,0.98920
0.78047,0.98920
0.78054,0.98920
0.78061,0.98920
0.78068,0.98920
0.78075,0.98920
0.78082,0.98920
0.78088,0.98920
0.78095,0.98920
0.78102,0.98920
0.78109,0.98920
0.78116,0.98920
0.78122,0.98920
0.78129,0.98920
0.78136,0.98920
0.78143,0.98920
0.78150,0.98920
0.78157,0.98920
0.78163,0.98920
0.78170,0.98920
0.78177,0.98920
0.78184,0.98920
0.78191,0.98920
0.78197,0.98920
0.78204,0.98920
0.78211,0.98920
0.78218,0.98920
0.78225,0.98920
0.78232,0.98920
0.78238,0.98920
0.78245,0.98920
0.78252,0.98920
0.78259,0.98920
0.78266,0.98920
0.78272,0.98920
0.78279,0.98920
0.78286,0.98920
0.78293,0.98920
0.78300,0.98920
0.78307,0.98920
0.78313,0.98920
0.78320,0.98920
0.78327,0.98920
0.78334,0.98920
0.78341,0.98920
0.78347,0.98920
0.78354,0.98920
0.78361,0.98920
0.78368,0.98920
0.78375,0.98920
0.78382,0.98920
0.78388,0.98920
0.78395,0.98920
0.78402,0.98920
0.78409,0.98920
0.78416,0.98920
0.78422,0.98920
0.78429,0.98920
0.78436,0.98920
0.78443,0.98920
0.78450,0.98920
0.78457,0.98920
0.78463,0.98920
0.78470,0.98920
0.78477,0.98920
0.78484,0.98920
0.78491,0.98920
0.78497,0.98920
0.78504,0.98920
0.78511,0.98920
0.78518,0.98920
0.78525,0.98920
0.78531,0.98920
0.78538,0.98920
0.78545,0.98920
0.78552,0.98920
0.78559,0.98920
0.78566,0.98920
0.78572,0.98920
0.78579,0.98920
0.78586,0.98920
0.78593,0.98920
0.78600,0.98920
0.78606,0.98920
0.78613,0.98920
0.78620,0.98920
0.78627,0.98920
0.78634,0.98920
0.78641,0.98920
0.78647,0.98920
0.78654,0.98920
0.78661,0.98920
0.78668,0.98920
0.78675,0.98920
0.78681,0.98920
0.78688,0.98920
0.78695,0.98920
0.78702,0.98920
0.78709,0.98920
0.78716,0.98920
0.78722,0.98920
0.78729,0.98920
0.78736,0.98920
0.78743,0.98920
0.78750,0.98920
0.78756,0.98920
0.78763,0.98920
0.78770,0.98920
0.78777,0.98920
0.78784,0.98920
0.78791,0.98920
0.78797,0.98920
0.78804,0.98920
0.78811,0.98920
0.78818,0.98920
0.78825,0.98920
0.78831,0.98920
0.78838,0.98920
0.78845,0.98920
0.78852,0.98920
0.78859,0.98920
0.78866,0.98920
0.78872,0.98920
0.78879,0.98920
0.78886,0.98920
0.78893,0.98920
0.78900,0.98920
0.78906,0.98920
0.78906,0.99003
0.78913,0.99003
0.78920,0.99003
0.78927,0.99003
0.78934,0.99003
0.78941,0.99003
0.78947,0.99003
0.78954,0.99003
0.78961,0.99003
0.78968,0.99003
0.78975,0.99003
0.78981,0.99003
0.78988,0.99003
0.78995,0.99003
0.79002,0.99003
0.79009,0.99003
0.79016,0.99003
0.79022,0.99003
0.79029,0.99003
0.79036,0.99003
0.79043,0.99003
0.79050,0.99003
0.79056,0.99003
0.79063,0.99003
0.79070,0.99003
0.79077,0.99003
0.79084,0.99003
0.79091,0.99003
0.79097,0.99003
0.79104,0.99003
0.79111,0.99003
0.79118,0.99003
0.79125,0.99003
0.79131,0.99003
0.79138,0.99003
0.79145,0.99003
0.79152,0.99003
0.79159,0.99003
0.79166,0.99003
0.79172,0.99003
0.79179,0.99003
0.79186,0.99003
0.79193,0.99003
0.79200,0.99003
0.79206,0.99003
0.79213,0.99003
0.79220,0.99003
0.79227,0.99003
0.79234,0.99003
0.79241,0.99003
0.79247,0.99003
0.79254,0.99003
0.79254,0.99086
0.79261,0.99086
0.79268,0.99086
0.79275,0.99086
0.79281,0.99086
0.79288,0.99086
0.79295,0.99086
0.79302,0.99086
0.79309,0.99086
0.79316,0.99086
0.79322,0.99086
0.79329,0.99086
0.79336,0.99086
0.79343,0.99086
0.79350,0.99086
0.79356,0.99086
0.79363,0.99086
0.79370,0.99086
0.79377,0.99086
0.79384,0.99086
0.79391,0.99086
0.79397,0.99086
0.79404,0.99086
0.79411,0.99086
0.79418,0.99086
0.79425,0.99086
0.79431,0.99086
0.79438,0.99086
0.79445,0.99086
0.79452,0.99086
0.79459,0.99086
0.79466,0.99086
0.79472,0.99086
0.79479,0.99086
0.79486,0.99086
0.79493,0.99086
0.79500,0.99086
0.79506,0.99086
0.79513,0.99086
0.79520,0.99086
0.79527,0.99086
0.79534,0.99086
0.79540,0.99086
0.79547,0.99086
0.79554,0.99086
0.79561,0.99086
0.79568,0.99086
0.79575,0.99086
0.79581,0.99086
0.79588,0.99086
0.79595,0.99086
0.79602,0.99086
0.79609,0.99086
0.79615,0.99086
0.79622,0.99086
0.79629,0.99086
0.79636,0.99086
0.79643,0.99086
0.79650,0.99086
0.79656,0.99086
0.79663,0.99086
0.79670,0.99086
0.79677,0.99086
0.79684,0.99086
0.79690,0.99086
0.79697,0.99086
0.79704,0.99086
0.79711,0.99086
0.79718,0.99086
0.79725,0.99086
0.79731,0.99086
0.79738,0.99086
0.79745,0.99086
0.79752,0.99086
0.79759,0.99086
0.79765,0.99086
0.79772,0.99086
0.79779,0.99086
0.79786,0.99086
0.79793,0.99086
0.79800,0.99086
0.79806,0.99086
0.79813,0.99086
0.79820,0.99086
0.79827,0.99086
0.79834,0.99086
0.79840,0.99086
0.79847,0.99086
0.79854,0.99086
0.79861,0.99086
0.79868,0.99086
0.79875,0.99086
0.79881,0.99086
0.79888,0.99086
0.79895,0.99086
0.79902,0.99086
0.79909,0.99086
0.79915,0.99086
0.79922,0.99086
0.79929,0.99086
0.79936,0.99086
0.79943,0.99086
0.79950,0.99086
0.79956,0.99086
0.79963,0.99086
0.79970,0.99086
0.79977,0.99086
0.79984,0.99086
0.79990,0.99086
0.79997,0.99086
0.80004,0.99086
0.80011,0.99086
0.80018,0.99086
0.80025,0.99086
0.80031,0.99086
0.80038,0.99086
0.80045,0.99086
0.80052,0.99086
0.80059,0.99086
0.80065,0.99086
0.80072,0.99086
0.80079,0.99086
0.80086,0.99086
0.80093,0.99086
0.80100,0.99086
0.80106,0.99086
0.80113,0.99086
0.80120,0.99086
0.80127,0.99086
0.80134,0.99086
0.80140,0.99086
0.80147,0.99086
0.80154,0.99086
0.80161,0.99086
0.80168,0.99086
0.80175,0.99086
0.80181,0.99086
0.80188,0.99086
0.80195,0.99086
0.80202,0.99086
0.80209,0.99086
0.80215,0.99086
0.80222,0.99086
0.80229,0.99086
0.80236,0.99086
0.80243,0.99086
0.80250,0.99086
0.80256,0.99086
0.80263,0.99086
0.80270,0.99086
0.80277,0.99086
0.80284,0.99086
0.80290,0.99086
0.80297,0.99086
0.80304,0.99086
0.80311,0.99086
0.80318,0.99086
0.80325,0.99086
0.80331,0.99086
0.80338,0.99086
0.80345,0.99086
0.80352,0.99086
0.80359,0.99086
0.80365,0.99086
0.80372,0.99086
0.80379,0.99086
0.80386,0.99086
0.80393,0.99086
0.80400,0.99086
0.80406,0.99086
0.80413,0.99086
0.80420,0.99086
0.80427,0.99086
0.80434,0.99086
0.80440,0.99086
0.80447,0.99086
0.80454,0.99086
0.80461,0.99086
0.80468,0.99086
0.80475,0.99086
0.80481,0.99086
0.80488,0.99086
0.80495,0.99086
0.80502,0.99086
0.80509,0.99086
0.80515,0.99086
0.80522,0.99086
0.80529,0.99086
0.80536,0.99086
0.80543,0.99086
0.80549,0.99086
0.80556,0.99086
0.80563,0.99086
0.80570,0.99086
0.80577,0.99086
0.80584,0.99086
0.80590,0.99086
0.80597,0.99086
0.80604,0.99086
0.80611,0.99086
0.80618,0.99086
0.80624,0.99086
0.80631,0.99086
0.80638,0.99086
0.80645,0.99086
0.80652,0.99086
0.80659,0.99086
0.80665,0.99086
0.80672,0.99086
0.80679,0.99086
0.80686,0.99086
0.80693,0.99086
0.80699,0.99086
0.80706,0.99086
0.80713,0.99086
0.80720,0.99086
0.80727,0.99086
0.80734,0.99086
0.80740,0.99086
0.80747,0.99086
0.80754,0.99086
0.80761,0.99086
0.80768,0.99086
0.80774,0.99086
0.80781,0.99086
0.80788,0.99086
0.80795,0.99086
0.80802,0.99086
0.80809,0.99086
0.80815,0.99086
0.80822,0.99086
0.80829,0.99086
0.80836,0.99086
0.80843,0.99086
0.80849,0.99086
0.80856,0.99086
0.80863,0.99086
0.80870,0.99086
0.80877,0.99086
0.80884,0.99086
0.80890,0.99086
0.80897,0.99086
0.80904,0.99086
0.80911,0.99086
0.80918,0.99086
0.80924,0.99086
0.80931,0.99086
0.80938,0.99086
0.80945,0.99086
0.80952,0.99086
0.80959,0.99086
0.80965,0.99086
0.80972,0.99086
0.80979,0.99086
0.80986,0.99086
0.80993,0.99086
0.80999,0.99086
0.81006,0.99086
0.81013,0.99086
0.81020,0.99086
0.81027,0.99086
0.81034,0.99086
0.81040,0.99086
0.81047,0.99086
0.81054,0.99086
0.81061,0.99086
0.81068,0.99086
0.81074,0.99086
0.81081,0.99086
0.81088,0.99086
0.81095,0.99086
0.81102,0.99086
0.81109,0.99086
0.81115,0.99086
0.81122,0.99086
0.81129,0.99086
0.81136,0.99086
0.81143,0.99086
0.81149,0.99086
0.81156,0.99086
0.81163,0.99086
0.81170,0.99086
0.81177,0.99086
0.81184,0.99086
0.81190,0.99086
0.81197,0.99086
0.81204,0.99086
0.81211,0.99086
0.81218,0.99086
0.81224,0.99086
0.81231,0.99086
0.81238,0.99086
0.81245,0.99086
0.81252,0.99086
0.81259,0.99086
0.81265,0.99086
0.81272,0.99086
0.81279,0.99086
0.81286,0.99086
0.81293,0.99086
0.81299,0.99086
0.81306,0.99086
0.81313,0.99086
0.81320,0.99086
0.81327,0.99086
0.81334,0.99086
0.81340,0.99086
0.81347,0.99086
0.81354,0.99086
0.81361,0.99086
0.81368,0.99086
0.81374,0.99086
0.81381,0.99086
0.81388,0.99086
0.81395,0.99086
0.81402,0.99086
0.81409,0.99086
0.81415,0.99086
0.81422,0.99086
0.81429,0.99086
0.81436,0.99086
0.81443,0.99086
0.81449,0.99086
0.81456,0.99086
0.81463,0.99086
0.81470,0.99086
0.81477,0.99086
0.81484,0.99086
0.81490,0.99086
0.81497,0.99086
0.81504,0.99086
0.81511,0.99086
0.81518,0.99086
0.81524,0.99086
0.81531,0.99086
0.81538,0.99086
0.81545,0.99086
0.81552,0.99086
0.81558,0.99086
0.81565,0.99086
0.81572,0.99086
0.81579,0.99086
0.81586,0.99086
0.81593,0.99086
0.81599,0.99086
0.81606,0.99086
0.81613,0.99086
0.81620,0.99086
0.81627,0.99086
0.81633,0.99086
0.81640,0.99086
0.81647,0.99086
0.81654,0.99086
0.81661,0.99086
0.81668,0.99086
0.81674,0.99086
0.81681,0.99086
0.81688,0.99086
0.81695,0.99086
0.81702,0.99086
0.81708,0.99086
0.81715,0.99086
0.81722,0.99086
0.81729,0.99086
0.81736,0.99086
0.81743,0.99086
0.81749,0.99086
0.81756,0.99086
0.81763,0.99086
0.81770,0.99086
0.81777,0.99086
0.81783,0.99086
0.81790,0.99086
0.81797,0.99086
0.81804,0.99086
0.81811,0.99086
0.81818,0.99086
0.81824,0.99086
0.81831,0.99086
0.81838,0.99086
0.81845,0.99086
0.81852,0.99086
0.81858,0.99086
0.81865,0.99086
0.81872,0.99086
0.81879,0.99086
0.81886,0.99086
0.81893,0.99086
0.81899,0.99086
0.81906,0.99086
0.81913,0.99086
0.81920,0.99086
0.81927,0.99086
0.81933,0.99086
0.81940,0.99086
0.81947,0.99086
0.81954,0.99086
0.81961,0.99086
0.81968,0.99086
0.81974,0.99086
0.81981,0.99086
0.81988,0.99086
0.81995,0.99086
0.82002,0.99086
0.82008,0.99086
0.82015,0.99086
0.82022,0.99086
0.82029,0.99086
0.82036,0.99086
0.82043,0.99086
0.82049,0.99086
0.82056,0.99086
0.82063,0.99086
0.82070,0.99086
0.82077,0.99086
0.82083,0.99086
0.82090,0.99086
0.82097,0.99086
0.82104,0.99086
0.82111,0.99086
0.82118,0.99086
0.82124,0.99086
0.82131,0.99086
0.82138,0.99086
0.82145,0.99086
0.82152,0.99086
0.82158,0.99086
0.82165,0.99086
0.82172,0.99086
0.82179,0.99086
0.82186,0.99086
0.82193,0.99086
0.82199,0.99086
0.82206,0.99086
0.82213,0.99086
0.82220,0.99086
0.82227,0.99086
0.82233,0.99086
0.82240,0.99086
0.82247,0.99086
0.82254,0.99086
0.82261,0.99086
0.82268,0.99086
0.82274,0.99086
0.82281,0.99086
0.82288,0.99086
0.82295,0.99086
0.82302,0.99086
0.82308,0.99086
0.82315,0.99086
0.82322,0.99086
0.82329,0.99086
0.82336,0.99086
0.82343,0.99086
0.82349,0.99086
0.82356,0.99086
0.82363,0.99086
0.82370,0.99086
0.82377,0.99086
0.82383,0.99086
0.82390,0.99086
0.82397,0.99086
0.82404,0.99086
0.82411,0.99086
0.82418,0.99086
0.82424,0.99086
0.82431,0.99086
0.82438,0.99086
0.82445,0.99086
0.82452,0.99086
0.82458,0.99086
0.82465,0.99086
0.82472,0.99086
0.82479,0.99086
0.82486,0.99086
0.82493,0.99086
0.82499,0.99086
0.82506,0.99086
0.82513,0.99086
0.82520,0.99086
0.82527,0.99086
0.82533,0.99086
0.82540,0.99086
0.82547,0.99086
0.82554,0.99086
0.82561,0.99086
0.82567,0.99086
0.82574,0.99086
0.82581,0.99086
0.82588,0.99086
0.82595,0.99086
0.82602,0.99086
0.82608,0.99086
0.82615,0.99086
0.82622,0.99086
0.82629,0.99086
0.82636,0.99086
0.82642,0.99086
0.82649,0.99086
0.82656,0.99086
0.82663,0.99086
0.82670,0.99086
0.82677,0.99086
0.82683,0.99086
0.82690,0.99086
0.82697,0.99086
0.82704,0.99086
0.82711,0.99086
0.82717,0.99086
0.82724,0.99086
0.82731,0.99086
0.82738,0.99086
0.82745,0.99086
0.82752,0.99086
0.82758,0.99086
0.82765,0.99086
0.82772,0.99086
0.82779,0.99086
0.82786,0.99086
0.82792,0.99086
0.82799,0.99086
0.82806,0.99086
0.82813,0.99086
0.82820,0.99086
0.82827,0.99086
0.82833,0.99086
0.82840,0.99086
0.82847,0.99086
0.82854,0.99086
0.82861,0.99086
0.82867,0.99086
0.82874,0.99086
0.82881,0.99086
0.82888,0.99086
0.82895,0.99086
0.82902,0.99086
0.82908,0.99086
0.82915,0.99086
0.82922,0.99086
0.82929,0.99086
0.82936,0.99086
0.82942,0.99086
0.82949,0.99086
0.82956,0.99086
0.82963,0.99086
0.82970,0.99086
0.82977,0.99086
0.82983,0.99086
0.82990,0.99086
0.82997,0.99086
0.83004,0.99086
0.83011,0.99086
0.83017,0.99086
0.83024,0.99086
0.83031,0.99086
0.83038,0.99086
0.83045,0.99086
0.83052,0.99086
0.83058,0.99086
0.83065,0.99086
0.83072,0.99086
0.83079,0.99086
0.83086,0.99086
0.83092,0.99086
0.83099,0.99086
0.83106,0.99086
0.83113,0.99086
0.83120,0.99086
0.83127,0.99086
0.83133,0.99086
0.83140,0.99086
0.83147,0.99086
0.83154,0.99086
0.83161,0.99086
0.83167,0.99086
0.83174,0.99086
0.83181,0.99086
0.83188,0.99086
0.83195,0.99086
0.83202,0.99086
0.83208,0.99086
0.83215,0.99086
0.83222,0.99086
0.83229,0.99086
0.83236,0.99086
0.83242,0.99086
0.83249,0.99086
0.83256,0.99086
0.83263,0.99086
0.83270,0.99086
0.83277,0.99086
0.83283,0.99086
0.83290,0.99086
0.83297,0.99086
0.83304,0.99086
0.83311,0.99086
0.83317,0.99086
0.83324,0.99086
0.83331,0.99086
0.83338,0.99086
0.83345,0.99086
0.83352,0.99086
0.83358,0.99086
0.83365,0.99086
0.83372,0.99086
0.83379,0.99086
0.83386,0.99086
0.83392,0.99086
0.83399,0.99086
0.83406,0.99086
0.83413,0.99086
0.83420,0.99086
0.83427,0.99086
0.83433,0.99086
0.83440,0.99086
0.83447,0.99086
0.83454,0.99086
0.83461,0.99086
0.83467,0.99086
0.83474,0.99086
0.83481,0.99086
0.83488,0.99086
0.83495,0.99086
0.83501,0.99086
0.83508,0.99086
0.83515,0.99086
0.83522,0.99086
0.83529,0.99086
0.83536,0.99086
0.83542,0.99086
0.83549,0.99086
0.83556,0.99086
0.83563,0.99086
0.83570,0.99086
0.83576,0.99086
0.83583,0.99086
0.83590,0.99086
0.83597,0.99086
0.83604,0.99086
0.83611,0.99086
0.83617,0.99086
0.83624,0.99086
0.83631,0.99086
0.83638,0.99086
0.83645,0.99086
0.83651,0.99086
0.83658,0.99086
0.83665,0.99086
0.83672,0.99086
0.83679,0.99086
0.83686,0.99086
0.83692,0.99086
0.83699,0.99086
0.83706,0.99086
0.83713,0.99086
0.83720,0.99086
0.83726,0.99086
0.83733,0.99086
0.83740,0.99086
0.83747,0.99086
0.83754,0.99086
0.83761,0.99086
0.83767,0.99086
0.83774,0.99086
0.83781,0.99086
0.83788,0.99086
0.83795,0.99086
0.83801,0.99086
0.83808,0.99086
0.83815,0.99086
0.83822,0.99086
0.83829,0.99086
0.83836,0.99086
0.83842,0.99086
0.83849,0.99086
0.83856,0.99086
0.83863,0.99086
0.83870,0.99086
0.83876,0.99086
0.83883,0.99086
0.83890,0.99086
0.83897,0.99086
0.83904,0.99086
0.83911,0.99086
0.83917,0.99086
0.83924,0.99086
0.83931,0.99086
0.83938,0.99086
0.83945,0.99086
0.83951,0.99086
0.83958,0.99086
0.83965,0.99086
0.83972,0.99086
0.83979,0.99086
0.83986,0.99086
0.83992,0.99086
0.83999,0.99086
0.84006,0.99086
0.84013,0.99086
0.84020,0.99086
0.84026,0.99086
0.84033,0.99086
0.84040,0.99086
0.84047,0.99086
0.84054,0.99086
0.84061,0.99086
0.84067,0.99086
0.84074,0.99086
0.84081,0.99086
0.84088,0.99086
0.84095,0.99086
0.84101,0.99086
0.84108,0.99086
0.84115,0.99086
0.84122,0.99086
0.84129,0.99086
0.84136,0.99086
0.84142,0.99086
0.84149,0.99086
0.84156,0.99086
0.84163,0.99086
0.84170,0.99086
0.84176,0.99086
0.84183,0.99086
0.84190,0.99086
0.84197,0.99086
0.84204,0.99086
0.84211,0.99086
0.84217,0.99086
0.84224,0.99086
0.84231,0.99086
0.84238,0.99086
0.84245,0.99086
0.84251,0.99086
0.84258,0.99086
0.84265,0.99086
0.84272,0.99086
0.84279,0.99086
0.84286,0.99086
0.84292,0.99086
0.84299,0.99086
0.84306,0.99086
0.84313,0.99086
0.84320,0.99086
0.84326,0.99086
0.84333,0.99086
0.84340,0.99086
0.84347,0.99086
0.84354,0.99086
0.84361,0.99086
0.84367,0.99086
0.84374,0.99086
0.84381,0.99086
0.84388,0.99086
0.84395,0.99086
0.84401,0.99086
0.84408,0.99086
0.84415,0.99086
0.84422,0.99086
0.84429,0.99086
0.84436,0.99086
0.84442,0.99086
0.84449,0.99086
0.84456,0.99086
0.84463,0.99086
0.84470,0.99086
0.84476,0.99086
0.84483,0.99086
0.84490,0.99086
0.84497,0.99086
0.84504,0.99086
0.84510,0.99086
0.84517,0.99086
0.84524,0.99086
0.84531,0.99086
0.84538,0.99086
0.84545,0.99086
0.84551,0.99086
0.84558,0.99086
0.84565,0.99086
0.84572,0.99086
0.84579,0.99086
0.84585,0.99086
0.84592,0.99086
0.84599,0.99086
0.84606,0.99086
0.84613,0.99086
0.84620,0.99086
0.84626,0.99086
0.84633,0.99086
0.84640,0.99086
0.84647,0.99086
0.84654,0.99086
0.84660,0.99086
0.84667,0.99086
0.84674,0.99086
0.84681,0.99086
0.84688,0.99086
0.84695,0.99086
0.84701,0.99086
0.84708,0.99086
0.84715,0.99086
0.84722,0.99086
0.84729,0.99086
0.84735,0.99086
0.84742,0.99086
0.84749,0.99086
0.84756,0.99086
0.84763,0.99086
0.84770,0.99086
0.84776,0.99086
0.84783,0.99086
0.84790,0.99086
0.84797,0.99086
0.84804,0.99086
0.84810,0.99086
0.84817,0.99086
0.84824,0.99086
0.84831,0.99086
0.84838,0.99086
0.84845,0.99086
0.84851,0.99086
0.84858,0.99086
0.84865,0.99086
0.84872,0.99086
0.84879,0.99086
0.84885,0.99086
0.84892,0.99086
0.84899,0.99086
0.84906,0.99086
0.84913,0.99086
0.84920,0.99086
0.84926,0.99086
0.84933,0.99086
0.84940,0.99086
0.84947,0.99086
0.84954,0.99086
0.84960,0.99086
0.84967,0.99086
0.84974,0.99086
0.84981,0.99086
0.84988,0.99086
0.84995,0.99086
0.85001,0.99086
0.85008,0.99086
0.85015,0.99086
0.85022,0.99086
0.85029,0.99086
0.85035,0.99086
0.85042,0.99086
0.85049,0.99086
0.85056,0.99086
0.85063,0.99086
0.85070,0.99086
0.85076,0.99086
0.85083,0.99086
0.85090,0.99086
0.85097,0.99086
0.85104,0.99086
0.85110,0.99086
0.85117,0.99086
0.85124,0.99086
0.85131,0.99086
0.85138,0.99086
0.85145,0.99086
0.85151,0.99086
0.85158,0.99086
0.85165,0.99086
0.85172,0.99086
0.85179,0.99086
0.85185,0.99086
0.85192,0.99086
0.85199,0.99086
0.85206,0.99086
0.85213,0.99086
0.85220,0.99086
0.85226,0.99086
0.85233,0.99086
0.85240,0.99086
0.85247,0.99086
0.85254,0.99086
0.85260,0.99086
0.85267,0.99086
0.85274,0.99086
0.85281,0.99086
0.85288,0.99086
0.85295,0.99086
0.85301,0.99086
0.85308,0.99086
0.85315,0.99086
0.85322,0.99086
0.85329,0.99086
0.85335,0.99086
0.85342,0.99086
0.85349,0.99086
0.85356,0.99086
0.85363,0.99086
0.85370,0.99086
0.85376,0.99086
0.85383,0.99086
0.85390,0.99086
0.85397,0.99086
0.85404,0.99086
0.85410,0.99086
0.85417,0.99086
0.85424,0.99086
0.85431,0.99086
0.85438,0.99086
0.85445,0.99086
0.85451,0.99086
0.85458,0.99086
0.85465,0.99086
0.85472,0.99086
0.85479,0.99086
0.85485,0.99086
0.85492,0.99086
0.85499,0.99086
0.85506,0.99086
0.85513,0.99086
0.85519,0.99086
0.85526,0.99086
0.85533,0.99086
0.85540,0.99086
0.85547,0.99086
0.85554,0.99086
0.85560,0.99086
0.85567,0.99086
0.85574,0.99086
0.85581,0.99086
0.85588,0.99086
0.85594,0.99086
0.85601,0.99086
0.85608,0.99086
0.85615,0.99086
0.85622,0.99086
0.85629,0.99086
0.85635,0.99086
0.85642,0.99086
0.85649,0.99086
0.85656,0.99086
0.85663,0.99086
0.85669,0.99086
0.85676,0.99086
0.85683,0.99086
0.85690,0.99086
0.85697,0.99086
0.85704,0.99086
0.85710,0.99086
0.85717,0.99086
0.85724,0.99086
0.85731,0.99086
0.85738,0.99086
0.85744,0.99086
0.85751,0.99086
0.85758,0.99086
0.85765,0.99086
0.85772,0.99086
0.85779,0.99086
0.85785,0.99086
0.85792,0.99086
0.85799,0.99086
0.85806,0.99086
0.85813,0.99086
0.85819,0.99086
0.85826,0.99086
0.85833,0.99086
0.85840,0.99086
0.85847,0.99086
0.85854,0.99086
0.85860,0.99086
0.85867,0.99086
0.85874,0.99086
0.85881,0.99086
0.85888,0.99086
0.85894,0.99086
0.85901,0.99086
0.85908,0.99086
0.85915,0.99086
0.85922,0.99086
0.85929,0.99086
0.85935,0.99086
0.85942,0.99086
0.85949,0.99086
0.85956,0.99086
0.85963,0.99086
0.85969,0.99086
0.85976,0.99086
0.85983,0.99086
0.85990,0.99086
0.85997,0.99086
0.86004,0.99086
0.86010,0.99086
0.86017,0.99086
0.86024,0.99086
0.86031,0.99086
0.86038,0.99086
0.86044,0.99086
0.86051,0.99086
0.86058,0.99086
0.86065,0.99086
0.86072,0.99086
0.86079,0.99086
0.86085,0.99086
0.86092,0.99086
0.86099,0.99086
0.86106,0.99086
0.86113,0.99086
0.86119,0.99086
0.86126,0.99086
0.86133,0.99086
0.86140,0.99086
0.86147,0.99086
0.86154,0.99086
0.86160,0.99086
0.86167,0.99086
0.86174,0.99086
0.86181,0.99086
0.86188,0.99086
0.86194,0.99086
0.86201,0.99086
0.86208,0.99086
0.86215,0.99086
0.86222,0.99086
0.86229,0.99086
0.86235,0.99086
0.86242,0.99086
0.86249,0.99086
0.86256,0.99086
0.86263,0.99086
0.86269,0.99086
0.86276,0.99086
0.86283,0.99086
0.86290,0.99086
0.86297,0.99086
0.86304,0.99086
0.86310,0.99086
0.86317,0.99086
0.86324,0.99086
0.86331,0.99086
0.86338,0.99086
0.86344,0.99086
0.86351,0.99086
0.86358,0.99086
0.86365,0.99086
0.86372,0.99086
0.86379,0.99086
0.86385,0.99086
0.86392,0.99086
0.86399,0.99086
0.86406,0.99086
0.86413,0.99086
0.86419,0.99086
0.86426,0.99086
0.86433,0.99086
0.86440,0.99086
0.86447,0.99086
0.86454,0.99086
0.86460,0.99086
0.86467,0.99086
0.86474,0.99086
0.86481,0.99086
0.86488,0.99086
0.86488,0.99169
0.86494,0.99169
0.86501,0.99169
0.86508,0.99169
0.86515,0.99169
0.86522,0.99169
0.86528,0.99169
0.86535,0.99169
0.86542,0.99169
0.86549,0.99169
0.86556,0.99169
0.86563,0.99169
0.86569,0.99169
0.86576,0.99169
0.86583,0.99169
0.86590,0.99169
0.86597,0.99169
0.86603,0.99169
0.86610,0.99169
0.86617,0.99169
0.86624,0.99169
0.86631,0.99169
0.86638,0.99169
0.86644,0.99169
0.86651,0.99169
0.86658,0.99169
0.86665,0.99169
0.86672,0.99169
0.86678,0.99169
0.86685,0.99169
0.86692,0.99169
0.86699,0.99169
0.86706,0.99169
0.86713,0.99169
0.86719,0.99169
0.86726,0.99169
0.86733,0.99169
0.86740,0.99169
0.86747,0.99169
0.86753,0.99169
0.86760,0.99169
0.86767,0.99169
0.86774,0.99169
0.86781,0.99169
0.86788,0.99169
0.86794,0.99169
0.86801,0.99169
0.86808,0.99169
0.86815,0.99169
0.86822,0.99169
0.86828,0.99169
0.86835,0.99169
0.86842,0.99169
0.86849,0.99169
0.86856,0.99169
0.86863,0.99169
0.86869,0.99169
0.86876,0.99169
0.86883,0.99169
0.86890,0.99169
0.86897,0.99169
0.86903,0.99169
0.86910,0.99169
0.86917,0.99169
0.86924,0.99169
0.86931,0.99169
0.86938,0.99169
0.86944,0.99169
0.86951,0.99169
0.86958,0.99169
0.86965,0.99169
0.86972,0.99169
0.86978,0.99169
0.86985,0.99169
0.86992,0.99169
0.86999,0.99169
0.87006,0.99169
0.87013,0.99169
0.87019,0.99169
0.87026,0.99169
0.87033,0.99169
0.87040,0.99169
0.87047,0.99169
0.87053,0.99169
0.87060,0.99169
0.87067,0.99169
0.87074,0.99169
0.87081,0.99169
0.87088,0.99169
0.87094,0.99169
0.87101,0.99169
0.87108,0.99169
0.87115,0.99169
0.87122,0.99169
0.87128,0.99169
0.87135,0.99169
0.87142,0.99169
0.87149,0.99169
0.87156,0.99169
0.87163,0.99169
0.87169,0.99169
0.87176,0.99169
0.87183,0.99169
0.87190,0.99169
0.87197,0.99169
0.87203,0.99169
0.87210,0.99169
0.87217,0.99169
0.87224,0.99169
0.87231,0.99169
0.87238,0.99169
0.87244,0.99169
0.87251,0.99169
0.87258,0.99169
0.87265,0.99169
0.87272,0.99169
0.87278,0.99169
0.87285,0.99169
0.87292,0.99169
0.87299,0.99169
0.87306,0.99169
0.87313,0.99169
0.87319,0.99169
0.87326,0.99169
0.87333,0.99169
0.87340,0.99169
0.87347,0.99169
0.87353,0.99169
0.87360,0.99169
0.87367,0.99169
0.87374,0.99169
0.87381,0.99169
0.87388,0.99169
0.87394,0.99169
0.87401,0.99169
0.87408,0.99169
0.87415,0.99169
0.87422,0.99169
0.87428,0.99169
0.87435,0.99169
0.87442,0.99169
0.87449,0.99169
0.87456,0.99169
0.87463,0.99169
0.87469,0.99169
0.87476,0.99169
0.87483,0.99169
0.87490,0.99169
0.87497,0.99169
0.87503,0.99169
0.87510,0.99169
0.87517,0.99169
0.87524,0.99169
0.87531,0.99169
0.87537,0.99169
0.87544,0.99169
0.87551,0.99169
0.87558,0.99169
0.87565,0.99169
0.87572,0.99169
0.87578,0.99169
0.87585,0.99169
0.87592,0.99169
0.87599,0.99169
0.87606,0.99169
0.87612,0.99169
0.87619,0.99169
0.87626,0.99169
0.87633,0.99169
0.87640,0.99169
0.87647,0.99169
0.87653,0.99169
0.87660,0.99169
0.87667,0.99169
0.87674,0.99169
0.87681,0.99169
0.87687,0.99169
0.87694,0.99169
0.87701,0.99169
0.87708,0.99169
0.87715,0.99169
0.87722,0.99169
0.87728,0.99169
0.87735,0.99169
0.87742,0.99169
0.87749,0.99169
0.87756,0.99169
0.87762,0.99169
0.87769,0.99169
0.87776,0.99169
0.87783,0.99169
0.87790,0.99169
0.87797,0.99169
0.87803,0.99169
0.87810,0.99169
0.87817,0.99169
0.87824,0.99169
0.87831,0.99169
0.87837,0.99169
0.87844,0.99169
0.87851,0.99169
0.87858,0.99169
0.87865,0.99169
0.87872,0.99169
0.87878,0.99169
0.87885,0.99169
0.87892,0.99169
0.87899,0.99169
0.87906,0.99169
0.87912,0.99169
0.87919,0.99169
0.87926,0.99169
0.87933,0.99169
0.87940,0.99169
0.87947,0.99169
0.87953,0.99169
0.87960,0.99169
0.87967,0.99169
0.87974,0.99169
0.87981,0.99169
0.87987,0.99169
0.87994,0.99169
0.88001,0.99169
0.88008,0.99169
0.88015,0.99169
0.88022,0.99169
0.88028,0.99169
0.88035,0.99169
0.88042,0.99169
0.88049,0.99169
0.88056,0.99169
0.88062,0.99169
0.88069,0.99169
0.88076,0.99169
0.88083,0.99169
0.88090,0.99169
0.88097,0.99169
0.88103,0.99169
0.88110,0.99169
0.88117,0.99169
0.88124,0.99169
0.88131,0.99169
0.88137,0.99169
0.88144,0.99169
0.88151,0.99169
0.88158,0.99169
0.88165,0.99169
0.88172,0.99169
0.88178,0.99169
0.88185,0.99169
0.88192,0.99169
0.88199,0.99169
0.88206,0.99169
0.88212,0.99169
0.88219,0.99169
0.88226,0.99169
0.88233,0.99169
0.88240,0.99169
0.88247,0.99169
0.88253,0.99169
0.88260,0.99169
0.88267,0.99169
0.88274,0.99169
0.88281,0.99169
0.88287,0.99169
0.88294,0.99169
0.88301,0.99169
0.88308,0.99169
0.88315,0.99169
0.88322,0.99169
0.88328,0.99169
0.88335,0.99169
0.88342,0.99169
0.88349,0.99169
0.88356,0.99169
0.88362,0.99169
0.88369,0.99169
0.88376,0.99169
0.88383,0.99169
0.88390,0.99169
0.88397,0.99169
0.88403,0.99169
0.88410,0.99169
0.88417,0.99169
0.88424,0.99169
0.88431,0.99169
0.88437,0.99169
0.88444,0.99169
0.88451,0.99169
0.88458,0.99169
0.88465,0.99169
0.88472,0.99169
0.88478,0.99169
0.88485,0.99169
0.88492,0.99169
0.88499,0.99169
0.88506,0.99169
0.88512,0.99169
0.88519,0.99169
0.88526,0.99169
0.88533,0.99169
0.88540,0.99169
0.88546,0.99169
0.88553,0.99169
0.88560,0.99169
0.88567,0.99169
0.88574,0.99169
0.88581,0.99169
0.88587,0.99169
0.88594,0.99169
0.88601,0.99169
0.88608,0.99169
0.88615,0.99169
0.88621,0.99169
0.88628,0.99169
0.88635,0.99169
0.88642,0.99169
0.88649,0.99169
0.88656,0.99169
0.88662,0.99169
0.88669,0.99169
0.88676,0.99169
0.88683,0.99169
0.88690,0.99169
0.88696,0.99169
0.88703,0.99169
0.88710,0.99169
0.88717,0.99169
0.88724,0.99169
0.88731,0.99169
0.88737,0.99169
0.88744,0.99169
0.88751,0.99169
0.88758,0.99169
0.88765,0.99169
0.88771,0.99169
0.88778,0.99169
0.88785,0.99169
0.88792,0.99169
0.88799,0.99169
0.88806,0.99169
0.88812,0.99169
0.88819,0.99169
0.88826,0.99169
0.88833,0.99169
0.88840,0.99169
0.88846,0.99169
0.88853,0.99169
0.88860,0.99169
0.88867,0.99169
0.88874,0.99169
0.88881,0.99169
0.88887,0.99169
0.88894,0.99169
0.88901,0.99169
0.88908,0.99169
0.88915,0.99169
0.88921,0.99169
0.88928,0.99169
0.88935,0.99169
0.88942,0.99169
0.88949,0.99169
0.88956,0.99169
0.88962,0.99169
0.88969,0.99169
0.88976,0.99169
0.88976,0.99252
0.88983,0.99252
0.88990,0.99252
0.88996,0.99252
0.89003,0.99252
0.89010,0.99252
0.89017,0.99252
0.89024,0.99252
0.89024,0.99336
0.89031,0.99336
0.89037,0.99336
0.89044,0.99336
0.89051,0.99336
0.89058,0.99336
0.89065,0.99336
0.89071,0.99336
0.89078,0.99336
0.89085,0.99336
0.89092,0.99336
0.89099,0.99336
0.89106,0.99336
0.89112,0.99336
0.89119,0.99336
0.89126,0.99336
0.89133,0.99336
0.89140,0.99336
0.89146,0.99336
0.89153,0.99336
0.89160,0.99336
0.89167,0.99336
0.89174,0.99336
0.89181,0.99336
0.89187,0.99336
0.89194,0.99336
0.89201,0.99336
0.89208,0.99336
0.89215,0.99336
0.89221,0.99336
0.89228,0.99336
0.89235,0.99336
0.89242,0.99336
0.89249,0.99336
0.89256,0.99336
0.89262,0.99336
0.89269,0.99336
0.89276,0.99336
0.89283,0.99336
0.89290,0.99336
0.89296,0.99336
0.89303,0.99336
0.89310,0.99336
0.89317,0.99336
0.89324,0.99336
0.89331,0.99336
0.89337,0.99336
0.89344,0.99336
0.89351,0.99336
0.89358,0.99336
0.89365,0.99336
0.89371,0.99336
0.89378,0.99336
0.89385,0.99336
0.89392,0.99336
0.89399,0.99336
0.89406,0.99336
0.89412,0.99336
0.89419,0.99336
0.89426,0.99336
0.89433,0.99336
0.89440,0.99336
0.89446,0.99336
0.89453,0.99336
0.89460,0.99336
0.89467,0.99336
0.89474,0.99336
0.89481,0.99336
0.89487,0.99336
0.89494,0.99336
0.89501,0.99336
0.89508,0.99336
0.89515,0.99336
0.89521,0.99336
0.89528,0.99336
0.89535,0.99336
0.89542,0.99336
0.89549,0.99336
0.89555,0.99336
0.89562,0.99336
0.89569,0.99336
0.89576,0.99336
0.89583,0.99336
0.89590,0.99336
0.89596,0.99336
0.89603,0.99336
0.89610,0.99336
0.89617,0.99336
0.89624,0.99336
0.89630,0.99336
0.89637,0.99336
0.89644,0.99336
0.89651,0.99336
0.89658,0.99336
0.89665,0.99336
0.89671,0.99336
0.89678,0.99336
0.89685,0.99336
0.89692,0.99336
0.89699,0.99336
0.89705,0.99336
0.89712,0.99336
0.89719,0.99336
0.89726,0.99336
0.89733,0.99336
0.89740,0.99336
0.89746,0.99336
0.89753,0.99336
0.89760,0.99336
0.89767,0.99336
0.89774,0.99336
0.89780,0.99336
0.89787,0.99336
0.89794,0.99336
0.89801,0.99336
0.89808,0.99336
0.89815,0.99336
0.89821,0.99336
0.89828,0.99336
0.89835,0.99336
0.89842,0.99336
0.89849,0.99336
0.89855,0.99336
0.89862,0.99336
0.89869,0.99336
0.89876,0.99336
0.89883,0.99336
0.89890,0.99336
0.89896,0.99336
0.89903,0.99336
0.89910,0.99336
0.89917,0.99336
0.89924,0.99336
0.89930,0.99336
0.89937,0.99336
0.89944,0.99336
0.89951,0.99336
0.89958,0.99336
0.89965,0.99336
0.89971,0.99336
0.89978,0.99336
0.89985,0.99336
0.89992,0.99336
0.89999,0.99336
0.90005,0.99336
0.90012,0.99336
0.90019,0.99336
0.90026,0.99336
0.90033,0.99336
0.90040,0.99336
0.90046,0.99336
0.90053,0.99336
0.90060,0.99336
0.90067,0.99336
0.90074,0.99336
0.90080,0.99336
0.90087,0.99336
0.90094,0.99336
0.90101,0.99336
0.90108,0.99336
0.90115,0.99336
0.90121,0.99336
0.90128,0.99336
0.90135,0.99336
0.90142,0.99336
0.90149,0.99336
0.90155,0.99336
0.90162,0.99336
0.90169,0.99336
0.90176,0.99336
0.90183,0.99336
0.90190,0.99336
0.90196,0.99336
0.90203,0.99336
0.90210,0.99336
0.90217,0.99336
0.90224,0.99336
0.90230,0.99336
0.90237,0.99336
0.90244,0.99336
0.90251,0.99336
0.90258,0.99336
0.90265,0.99336
0.90271,0.99336
0.90278,0.99336
0.90285,0.99336
0.90292,0.99336
0.90299,0.99336
0.90305,0.99336
0.90312,0.99336
0.90319,0.99336
0.90326,0.99336
0.90333,0.99336
0.90340,0.99336
0.90346,0.99336
0.90353,0.99336
0.90360,0.99336
0.90367,0.99336
0.90374,0.99336
0.90380,0.99336
0.90387,0.99336
0.90394,0.99336
0.90401,0.99336
0.90408,0.99336
0.90415,0.99336
0.90421,0.99336
0.90428,0.99336
0.90435,0.99336
0.90442,0.99336
0.90449,0.99336
0.90455,0.99336
0.90462,0.99336
0.90469,0.99336
0.90476,0.99336
0.90483,0.99336
0.90490,0.99336
0.90496,0.99336
0.90503,0.99336
0.90510,0.99336
0.90517,0.99336
0.90524,0.99336
0.90530,0.99336
0.90537,0.99336
0.90544,0.99336
0.90551,0.99336
0.90558,0.99336
0.90564,0.99336
0.90571,0.99336
0.90578,0.99336
0.90585,0.99336
0.90592,0.99336
0.90599,0.99336
0.90605,0.99336
0.90612,0.99336
0.90619,0.99336
0.90626,0.99336
0.90633,0.99336
0.90639,0.99336
0.90646,0.99336
0.90653,0.99336
0.90660,0.99336
0.90667,0.99336
0.90674,0.99336
0.90680,0.99336
0.90687,0.99336
0.90694,0.99336
0.90701,0.99336
0.90708,0.99336
0.90714,0.99336
0.90721,0.99336
0.90728,0.99336
0.90735,0.99336
0.90742,0.99336
0.90749,0.99336
0.90755,0.99336
0.90762,0.99336
0.90769,0.99336
0.90776,0.99336
0.90783,0.99336
0.90789,0.99336
0.90796,0.99336
0.90803,0.99336
0.90810,0.99336
0.90817,0.99336
0.90824,0.99336
0.90830,0.99336
0.90837,0.99336
0.90844,0.99336
0.90851,0.99336
0.90858,0.99336
0.90864,0.99336
0.90871,0.99336
0.90878,0.99336
0.90885,0.99336
0.90892,0.99336
0.90899,0.99336
0.90905,0.99336
0.90912,0.99336
0.90919,0.99336
0.90926,0.99336
0.90933,0.99336
0.90939,0.99336
0.90946,0.99336
0.90953,0.99336
0.90960,0.99336
0.90967,0.99336
0.90974,0.99336
0.90980,0.99336
0.90987,0.99336
0.90994,0.99336
0.91001,0.99336
0.91008,0.99336
0.91014,0.99336
0.91021,0.99336
0.91028,0.99336
0.91035,0.99336
0.91042,0.99336
0.91049,0.99336
0.91055,0.99336
0.91062,0.99336
0.91069,0.99336
0.91076,0.99336
0.91083,0.99336
0.91089,0.99336
0.91096,0.99336
0.91103,0.99336
0.91110,0.99336
0.91117,0.99336
0.91124,0.99336
0.91130,0.99336
0.91137,0.99336
0.91144,0.99336
0.91151,0.99336
0.91158,0.99336
0.91164,0.99336
0.91171,0.99336
0.91178,0.99336
0.91185,0.99336
0.91192,0.99336
0.91199,0.99336
0.91205,0.99336
0.91212,0.99336
0.91219,0.99336
0.91226,0.99336
0.91233,0.99336
0.91239,0.99336
0.91246,0.99336
0.91253,0.99336
0.91260,0.99336
0.91267,0.99336
0.91274,0.99336
0.91280,0.99336
0.91287,0.99336
0.91294,0.99336
0.91301,0.99336
0.91308,0.99336
0.91314,0.99336
0.91321,0.99336
0.91328,0.99336
0.91335,0.99336
0.91342,0.99336
0.91349,0.99336
0.91355,0.99336
0.91362,0.99336
0.91369,0.99336
0.91376,0.99336
0.91383,0.99336
0.91389,0.99336
0.91396,0.99336
0.91403,0.99336
0.91410,0.99336
0.91417,0.99336
0.91424,0.99336
0.91430,0.99336
0.91437,0.99336
0.91444,0.99336
0.91451,0.99336
0.91458,0.99336
0.91464,0.99336
0.91471,0.99336
0.91478,0.99336
0.91485,0.99336
0.91492,0.99336
0.91499,0.99336
0.91505,0.99336
0.91512,0.99336
0.91519,0.99336
0.91526,0.99336
0.91533,0.99336
0.91539,0.99336
0.91546,0.99336
0.91553,0.99336
0.91560,0.99336
0.91567,0.99336
0.91573,0.99336
0.91580,0.99336
0.91587,0.99336
0.91594,0.99336
0.91601,0.99336
0.91608,0.99336
0.91614,0.99336
0.91621,0.99336
0.91628,0.99336
0.91635,0.99336
0.91642,0.99336
0.91648,0.99336
0.91655,0.99336
0.91662,0.99336
0.91669,0.99336
0.91676,0.99336
0.91683,0.99336
0.91689,0.99336
0.91696,0.99336
0.91703,0.99336
0.91710,0.99336
0.91717,0.99336
0.91723,0.99336
0.91730,0.99336
0.91737,0.99336
0.91744,0.99336
0.91751,0.99336
0.91758,0.99336
0.91764,0.99336
0.91771,0.99336
0.91778,0.99336
0.91785,0.99336
0.91792,0.99336
0.91798,0.99336
0.91805,0.99336
0.91812,0.99336
0.91819,0.99336
0.91826,0.99336
0.91833,0.99336
0.91839,0.99336
0.91846,0.99336
0.91853,0.99336
0.91860,0.99336
0.91867,0.99336
0.91873,0.99336
0.91880,0.99336
0.91887,0.99336
0.91894,0.99336
0.91901,0.99336
0.91908,0.99336
0.91914,0.99336
0.91921,0.99336
0.91928,0.99336
0.91935,0.99336
0.91942,0.99336
0.91948,0.99336
0.91955,0.99336
0.91962,0.99336
0.91969,0.99336
0.91976,0.99336
0.91983,0.99336
0.91989,0.99336
0.91996,0.99336
0.92003,0.99336
0.92010,0.99336
0.92017,0.99336
0.92023,0.99336
0.92030,0.99336
0.92037,0.99336
0.92044,0.99336
0.92051,0.99336
0.92058,0.99336
0.92064,0.99336
0.92071,0.99336
0.92078,0.99336
0.92085,0.99336
0.92092,0.99336
0.92098,0.99336
0.92105,0.99336
0.92112,0.99336
0.92119,0.99336
0.92126,0.99336
0.92133,0.99336
0.92139,0.99336
0.92146,0.99336
0.92153,0.99336
0.92160,0.99336
0.92167,0.99336
0.92173,0.99336
0.92180,0.99336
0.92187,0.99336
0.92194,0.99336
0.92201,0.99336
0.92208,0.99336
0.92214,0.99336
0.92221,0.99336
0.92228,0.99336
0.92235,0.99336
0.92242,0.99336
0.92248,0.99336
0.92255,0.99336
0.92262,0.99336
0.92269,0.99336
0.92276,0.99336
0.92283,0.99336
0.92289,0.99336
0.92296,0.99336
0.92303,0.99336
0.92310,0.99336
0.92317,0.99336
0.92323,0.99336
0.92330,0.99336
0.92337,0.99336
0.92344,0.99336
0.92351,0.99336
0.92358,0.99336
0.92364,0.99336
0.92371,0.99336
0.92378,0.99336
0.92385,0.99336
0.92392,0.99336
0.92398,0.99336
0.92405,0.99336
0.92412,0.99336
0.92419,0.99336
0.92426,0.99336
0.92433,0.99336
0.92439,0.99336
0.92446,0.99336
0.92453,0.99336
0.92460,0.99336
0.92467,0.99336
0.92473,0.99336
0.92480,0.99336
0.92487,0.99336
0.92494,0.99336
0.92501,0.99336
0.92507,0.99336
0.92514,0.99336
0.92521,0.99336
0.92528,0.99336
0.92535,0.99336
0.92542,0.99336
0.92548,0.99336
0.92555,0.99336
0.92562,0.99336
0.92569,0.99336
0.92576,0.99336
0.92582,0.99336
0.92589,0.99336
0.92596,0.99336
0.92603,0.99336
0.92610,0.99336
0.92617,0.99336
0.92623,0.99336
0.92630,0.99336
0.92637,0.99336
0.92644,0.99336
0.92651,0.99336
0.92657,0.99336
0.92664,0.99336
0.92671,0.99336
0.92678,0.99336
0.92685,0.99336
0.92692,0.99336
0.92698,0.99336
0.92705,0.99336
0.92712,0.99336
0.92719,0.99336
0.92726,0.99336
0.92732,0.99336
0.92732,0.99419
0.92739,0.99419
0.92746,0.99419
0.92753,0.99419
0.92760,0.99419
0.92767,0.99419
0.92773,0.99419
0.92780,0.99419
0.92787,0.99419
0.92794,0.99419
0.92801,0.99419
0.92807,0.99419
0.92814,0.99419
0.92821,0.99419
0.92828,0.99419
0.92835,0.99419
0.92842,0.99419
0.92848,0.99419
0.92855,0.99419
0.92862,0.99419
0.92869,0.99419
0.92876,0.99419
0.92882,0.99419
0.92882,0.99502
0.92889,0.99502
0.92896,0.99502
0.92903,0.99502
0.92910,0.99502
0.92917,0.99502
0.92923,0.99502
0.92930,0.99502
0.92937,0.99502
0.92944,0.99502
0.92951,0.99502
0.92957,0.99502
0.92964,0.99502
0.92971,0.99502
0.92978,0.99502
0.92985,0.99502
0.92992,0.99502
0.92998,0.99502
0.93005,0.99502
0.93012,0.99502
0.93019,0.99502
0.93026,0.99502
0.93032,0.99502
0.93039,0.99502
0.93046,0.99502
0.93053,0.99502
0.93060,0.99502
0.93067,0.99502
0.93073,0.99502
0.93080,0.99502
0.93087,0.99502
0.93094,0.99502
0.93101,0.99502
0.93107,0.99502
0.93114,0.99502
0.93121,0.99502
0.93128,0.99502
0.93135,0.99502
0.93142,0.99502
0.93148,0.99502
0.93155,0.99502
0.93162,0.99502
0.93169,0.99502
0.93176,0.99502
0.93182,0.99502
0.93189,0.99502
0.93196,0.99502
0.93203,0.99502
0.93210,0.99502
0.93217,0.99502
0.93223,0.99502
0.93230,0.99502
0.93237,0.99502
0.93244,0.99502
0.93251,0.99502
0.93257,0.99502
0.93264,0.99502
0.93271,0.99502
0.93278,0.99502
0.93285,0.99502
0.93292,0.99502
0.93298,0.99502
0.93305,0.99502
0.93312,0.99502
0.93319,0.99502
0.93326,0.99502
0.93332,0.99502
0.93339,0.99502
0.93346,0.99502
0.93353,0.99502
0.93360,0.99502
0.93367,0.99502
0.93373,0.99502
0.93380,0.99502
0.93387,0.99502
0.93394,0.99502
0.93401,0.99502
0.93407,0.99502
0.93414,0.99502
0.93421,0.99502
0.93428,0.99502
0.93435,0.99502
0.93442,0.99502
0.93448,0.99502
0.93455,0.99502
0.93462,0.99502
0.93469,0.99502
0.93476,0.99502
0.93482,0.99502
0.93489,0.99502
0.93496,0.99502
0.93503,0.99502
0.93510,0.99502
0.93516,0.99502
0.93523,0.99502
0.93530,0.99502
0.93537,0.99502
0.93544,0.99502
0.93551,0.99502
0.93557,0.99502
0.93564,0.99502
0.93571,0.99502
0.93578,0.99502
0.93585,0.99502
0.93591,0.99502
0.93598,0.99502
0.93605,0.99502
0.93612,0.99502
0.93619,0.99502
0.93626,0.99502
0.93632,0.99502
0.93639,0.99502
0.93646,0.99502
0.93653,0.99502
0.93660,0.99502
0.93666,0.99502
0.93673,0.99502
0.93680,0.99502
0.93687,0.99502
0.93694,0.99502
0.93701,0.99502
0.93707,0.99502
0.93714,0.99502
0.93721,0.99502
0.93728,0.99502
0.93735,0.99502
0.93741,0.99502
0.93748,0.99502
0.93755,0.99502
0.93762,0.99502
0.93769,0.99502
0.93776,0.99502
0.93782,0.99502
0.93789,0.99502
0.93796,0.99502
0.93803,0.99502
0.93810,0.99502
0.93816,0.99502
0.93823,0.99502
0.93830,0.99502
0.93837,0.99502
0.93844,0.99502
0.93851,0.99502
0.93857,0.99502
0.93864,0.99502
0.93871,0.99502
0.93878,0.99502
0.93885,0.99502
0.93891,0.99502
0.93898,0.99502
0.93905,0.99502
0.93912,0.99502
0.93919,0.99502
0.93926,0.99502
0.93932,0.99502
0.93939,0.99502
0.93946,0.99502
0.93953,0.99502
0.93960,0.99502
0.93966,0.99502
0.93973,0.99502
0.93980,0.99502
0.93987,0.99502
0.93994,0.99502
0.94001,0.99502
0.94007,0.99502
0.94014,0.99502
0.94021,0.99502
0.94028,0.99502
0.94035,0.99502
0.94041,0.99502
0.94048,0.99502
0.94055,0.99502
0.94062,0.99502
0.94069,0.99502
0.94076,0.99502
0.94082,0.99502
0.94089,0.99502
0.94096,0.99502
0.94103,0.99502
0.94110,0.99502
0.94116,0.99502
0.94123,0.99502
0.94130,0.99502
0.94137,0.99502
0.94144,0.99502
0.94151,0.99502
0.94157,0.99502
0.94164,0.99502
0.94171,0.99502
0.94178,0.99502
0.94185,0.99502
0.94191,0.99502
0.94198,0.99502
0.94205,0.99502
0.94212,0.99502
0.94219,0.99502
0.94226,0.99502
0.94232,0.99502
0.94239,0.99502
0.94246,0.99502
0.94253,0.99502
0.94260,0.99502
0.94266,0.99502
0.94273,0.99502
0.94280,0.99502
0.94287,0.99502
0.94294,0.99502
0.94301,0.99502
0.94307,0.99502
0.94314,0.99502
0.94321,0.99502
0.94328,0.99502
0.94335,0.99502
0.94341,0.99502
0.94348,0.99502
0.94355,0.99502
0.94362,0.99502
0.94369,0.99502
0.94376,0.99502
0.94382,0.99502
0.94389,0.99502
0.94396,0.99502
0.94403,0.99502
0.94410,0.99502
0.94416,0.99502
0.94423,0.99502
0.94430,0.99502
0.94437,0.99502
0.94444,0.99502
0.94451,0.99502
0.94457,0.99502
0.94464,0.99502
0.94471,0.99502
0.94478,0.99502
0.94485,0.99502
0.94491,0.99502
0.94498,0.99502
0.94505,0.99502
0.94512,0.99502
0.94519,0.99502
0.94519,0.99585
0.94525,0.99585
0.94532,0.99585
0.94539,0.99585
0.94546,0.99585
0.94553,0.99585
0.94560,0.99585
0.94566,0.99585
0.94573,0.99585
0.94580,0.99585
0.94587,0.99585
0.94594,0.99585
0.94600,0.99585
0.94607,0.99585
0.94614,0.99585
0.94621,0.99585
0.94628,0.99585
0.94635,0.99585
0.94641,0.99585
0.94648,0.99585
0.94655,0.99585
0.94662,0.99585
0.94669,0.99585
0.94675,0.99585
0.94682,0.99585
0.94689,0.99585
0.94696,0.99585
0.94703,0.99585
0.94710,0.99585
0.94716,0.99585
0.94723,0.99585
0.94723,0.99668
0.94730,0.99668
0.94737,0.99668
0.94744,0.99668
0.94750,0.99668
0.94757,0.99668
0.94764,0.99668
0.94771,0.99668
0.94778,0.99668
0.94785,0.99668
0.94791,0.99668
0.94798,0.99668
0.94805,0.99668
0.94812,0.99668
0.94819,0.99668
0.94825,0.99668
0.94832,0.99668
0.94839,0.99668
0.94846,0.99668
0.94853,0.99668
0.94860,0.99668
0.94866,0.99668
0.94873,0.99668
0.94880,0.99668
0.94887,0.99668
0.94894,0.99668
0.94900,0.99668
0.94907,0.99668
0.94914,0.99668
0.94921,0.99668
0.94928,0.99668
0.94935,0.99668
0.94941,0.99668
0.94948,0.99668
0.94955,0.99668
0.94962,0.99668
0.94969,0.99668
0.94975,0.99668
0.94982,0.99668
0.94989,0.99668
0.94989,0.99751
0.94996,0.99751
0.95003,0.99751
0.95010,0.99751
0.95016,0.99751
0.95023,0.99751
0.95030,0.99751
0.95037,0.99751
0.95044,0.99751
0.95050,0.99751
0.95057,0.99751
0.95057,0.99834
0.95064,0.99834
0.95071,0.99834
0.95078,0.99834
0.95085,0.99834
0.95091,0.99834
0.95098,0.99834
0.95105,0.99834
0.95112,0.99834
0.95119,0.99834
0.95125,0.99834
0.95132,0.99834
0.95139,0.99834
0.95146,0.99834
0.95153,0.99834
0.95160,0.99834
0.95166,0.99834
0.95173,0.99834
0.95180,0.99834
0.95187,0.99834
0.95194,0.99834
0.95200,0.99834
0.95207,0.99834
0.95214,0.99834
0.95221,0.99834
0.95228,0.99834
0.95235,0.99834
0.95241,0.99834
0.95248,0.99834
0.95255,0.99834
0.95262,0.99834
0.95269,0.99834
0.95275,0.99834
0.95282,0.99834
0.95289,0.99834
0.95296,0.99834
0.95303,0.99834
0.95310,0.99834
0.95316,0.99834
0.95323,0.99834
0.95330,0.99834
0.95337,0.99834
0.95344,0.99834
0.95350,0.99834
0.95357,0.99834
0.95364,0.99834
0.95371,0.99834
0.95378,0.99834
0.95385,0.99834
0.95391,0.99834
0.95398,0.99834
0.95405,0.99834
0.95412,0.99834
0.95419,0.99834
0.95425,0.99834
0.95432,0.99834
0.95439,0.99834
0.95446,0.99834
0.95453,0.99834
0.95460,0.99834
0.95466,0.99834
0.95473,0.99834
0.95480,0.99834
0.95487,0.99834
0.95494,0.99834
0.95500,0.99834
0.95507,0.99834
0.95514,0.99834
0.95521,0.99834
0.95528,0.99834
0.95534,0.99834
0.95541,0.99834
0.95548,0.99834
0.95555,0.99834
0.95562,0.99834
0.95569,0.99834
0.95575,0.99834
0.95582,0.99834
0.95589,0.99834
0.95596,0.99834
0.95603,0.99834
0.95609,0.99834
0.95616,0.99834
0.95623,0.99834
0.95630,0.99834
0.95637,0.99834
0.95644,0.99834
0.95650,0.99834
0.95657,0.99834
0.95664,0.99834
0.95671,0.99834
0.95678,0.99834
0.95684,0.99834
0.95691,0.99834
0.95698,0.99834
0.95705,0.99834
0.95712,0.99834
0.95719,0.99834
0.95725,0.99834
0.95732,0.99834
0.95739,0.99834
0.95746,0.99834
0.95753,0.99834
0.95759,0.99834
0.95766,0.99834
0.95773,0.99834
0.95780,0.99834
0.95787,0.99834
0.95794,0.99834
0.95800,0.99834
0.95807,0.99834
0.95814,0.99834
0.95821,0.99834
0.95828,0.99834
0.95834,0.99834
0.95841,0.99834
0.95848,0.99834
0.95855,0.99834
0.95862,0.99834
0.95869,0.99834
0.95875,0.99834
0.95882,0.99834
0.95889,0.99834
0.95896,0.99834
0.95903,0.99834
0.95909,0.99834
0.95916,0.99834
0.95923,0.99834
0.95930,0.99834
0.95937,0.99834
0.95944,0.99834
0.95950,0.99834
0.95957,0.99834
0.95964,0.99834
0.95971,0.99834
0.95978,0.99834
0.95984,0.99834
0.95991,0.99834
0.95998,0.99834
0.96005,0.99834
0.96012,0.99834
0.96019,0.99834
0.96025,0.99834
0.96032,0.99834
0.96039,0.99834
0.96046,0.99834
0.96053,0.99834
0.96059,0.99834
0.96066,0.99834
0.96073,0.99834
0.96080,0.99834
0.96087,0.99834
0.96094,0.99834
0.96100,0.99834
0.96107,0.99834
0.96114,0.99834
0.96121,0.99834
0.96128,0.99834
0.96134,0.99834
0.96141,0.99834
0.96148,0.99834
0.96155,0.99834
0.96162,0.99834
0.96169,0.99834
0.96175,0.99834
0.96182,0.99834
0.96189,0.99834
0.96196,0.99834
0.96203,0.99834
0.96209,0.99834
0.96216,0.99834
0.96223,0.99834
0.96230,0.99834
0.96237,0.99834
0.96244,0.99834
0.96250,0.99834
0.96257,0.99834
0.96264,0.99834
0.96271,0.99834
0.96278,0.99834
0.96284,0.99834
0.96291,0.99834
0.96298,0.99834
0.96305,0.99834
0.96312,0.99834
0.96319,0.99834
0.96325,0.99834
0.96332,0.99834
0.96339,0.99834
0.96346,0.99834
0.96353,0.99834
0.96359,0.99834
0.96366,0.99834
0.96373,0.99834
0.96380,0.99834
0.96387,0.99834
0.96394,0.99834
0.96400,0.99834
0.96407,0.99834
0.96414,0.99834
0.96421,0.99834
0.96428,0.99834
0.96434,0.99834
0.96441,0.99834
0.96448,0.99834
0.96455,0.99834
0.96462,0.99834
0.96469,0.99834
0.96475,0.99834
0.96482,0.99834
0.96489,0.99834
0.96496,0.99834
0.96503,0.99834
0.96509,0.99834
0.96516,0.99834
0.96523,0.99834
0.96530,0.99834
0.96537,0.99834
0.96543,0.99834
0.96550,0.99834
0.96557,0.99834
0.96564,0.99834
0.96571,0.99834
0.96578,0.99834
0.96584,0.99834
0.96591,0.99834
0.96598,0.99834
0.96605,0.99834
0.96612,0.99834
0.96618,0.99834
0.96625,0.99834
0.96632,0.99834
0.96639,0.99834
0.96646,0.99834
0.96653,0.99834
0.96659,0.99834
0.96666,0.99834
0.96673,0.99834
0.96680,0.99834
0.96687,0.99834
0.96693,0.99834
0.96700,0.99834
0.96707,0.99834
0.96714,0.99834
0.96721,0.99834
0.96728,0.99834
0.96734,0.99834
0.96741,0.99834
0.96748,0.99834
0.96755,0.99834
0.96762,0.99834
0.96768,0.99834
0.96775,0.99834
0.96782,0.99834
0.96789,0.99834
0.96796,0.99834
0.96803,0.99834
0.96809,0.99834
0.96816,0.99834
0.96823,0.99834
0.96830,0.99834
0.96837,0.99834
0.96843,0.99834
0.96850,0.99834
0.96857,0.99834
0.96864,0.99834
0.96871,0.99834
0.96878,0.99834
0.96884,0.99834
0.96891,0.99834
0.96898,0.99834
0.96905,0.99834
0.96912,0.99834
0.96918,0.99834
0.96925,0.99834
0.96932,0.99834
0.96939,0.99834
0.96946,0.99834
0.96953,0.99834
0.96959,0.99834
0.96966,0.99834
0.96973,0.99834
0.96980,0.99834
0.96987,0.99834
0.96993,0.99834
0.97000,0.99834
0.97007,0.99834
0.97014,0.99834
0.97021,0.99834
0.97028,0.99834
0.97034,0.99834
0.97041,0.99834
0.97048,0.99834
0.97055,0.99834
0.97062,0.99834
0.97068,0.99834
0.97075,0.99834
0.97082,0.99834
0.97089,0.99834
0.97096,0.99834
0.97103,0.99834
0.97109,0.99834
0.97116,0.99834
0.97123,0.99834
0.97130,0.99834
0.97137,0.99834
0.97143,0.99834
0.97150,0.99834
0.97157,0.99834
0.97164,0.99834
0.97171,0.99834
0.97178,0.99834
0.97184,0.99834
0.97191,0.99834
0.97198,0.99834
0.97205,0.99834
0.97212,0.99834
0.97218,0.99834
0.97225,0.99834
0.97232,0.99834
0.97239,0.99834
0.97246,0.99834
0.97253,0.99834
0.97259,0.99834
0.97266,0.99834
0.97273,0.99834
0.97280,0.99834
0.97287,0.99834
0.97287,0.99917
0.97293,0.99917
0.97300,0.99917
0.97307,0.99917
0.97314,0.99917
0.97321,0.99917
0.97328,0.99917
0.97334,0.99917
0.97341,0.99917
0.97348,0.99917
0.97355,0.99917
0.97362,0.99917
0.97368,0.99917
0.97375,0.99917
0.97382,0.99917
0.97389,0.99917
0.97396,0.99917
0.97403,0.99917
0.97409,0.99917
0.97416,0.99917
0.97423,0.99917
0.97430,0.99917
0.97437,0.99917
0.97443,0.99917
0.97450,0.99917
0.97457,0.99917
0.97464,0.99917
0.97471,0.99917
0.97478,0.99917
0.97484,0.99917
0.97491,0.99917
0.97498,0.99917
0.97505,0.99917
0.97512,0.99917
0.97518,0.99917
0.97525,0.99917
0.97532,0.99917
0.97539,0.99917
0.97546,0.99917
0.97552,0.99917
0.97559,0.99917
0.97566,0.99917
0.97573,0.99917
0.97580,0.99917
0.97587,0.99917
0.97593,0.99917
0.97600,0.99917
0.97607,0.99917
0.97614,0.99917
0.97621,0.99917
0.97627,0.99917
0.97634,0.99917
0.97641,0.99917
0.97648,0.99917
0.97655,0.99917
0.97662,0.99917
0.97668,0.99917
0.97675,0.99917
0.97682,0.99917
0.97689,0.99917
0.97696,0.99917
0.97702,0.99917
0.97709,0.99917
0.97716,0.99917
0.97723,0.99917
0.97730,0.99917
0.97737,0.99917
0.97743,0.99917
0.97750,0.99917
0.97757,0.99917
0.97764,0.99917
0.97771,0.99917
0.97777,0.99917
0.97784,0.99917
0.97791,0.99917
0.97798,0.99917
0.97805,0.99917
0.97812,0.99917
0.97818,0.99917
0.97825,0.99917
0.97832,0.99917
0.97839,0.99917
0.97846,0.99917
0.97852,0.99917
0.97859,0.99917
0.97866,0.99917
0.97873,0.99917
0.97880,0.99917
0.97887,0.99917
0.97893,0.99917
0.97900,0.99917
0.97907,0.99917
0.97914,0.99917
0.97921,0.99917
0.97927,0.99917
0.97934,0.99917
0.97941,0.99917
0.97948,0.99917
0.97955,0.99917
0.97962,0.99917
0.97968,0.99917
0.97975,0.99917
0.97982,0.99917
0.97989,0.99917
0.97996,0.99917
0.98002,0.99917
0.98009,0.99917
0.98016,0.99917
0.98023,0.99917
0.98030,0.99917
0.98037,0.99917
0.98043,0.99917
0.98050,0.99917
0.98057,0.99917
0.98064,0.99917
0.98071,0.99917
0.98077,0.99917
0.98084,0.99917
0.98091,0.99917
0.98098,0.99917
0.98105,0.99917
0.98112,0.99917
0.98118,0.99917
0.98125,0.99917
0.98132,0.99917
0.98139,0.99917
0.98146,0.99917
0.98152,0.99917
0.98159,0.99917
0.98166,0.99917
0.98173,0.99917
0.98180,0.99917
0.98187,0.99917
0.98193,0.99917
0.98200,0.99917
0.98207,0.99917
0.98214,0.99917
0.98221,0.99917
0.98227,0.99917
0.98234,0.99917
0.98241,0.99917
0.98248,0.99917
0.98255,0.99917
0.98262,0.99917
0.98268,0.99917
0.98275,0.99917
0.98282,0.99917
0.98289,0.99917
0.98296,0.99917
0.98302,0.99917
0.98309,0.99917
0.98316,0.99917
0.98323,0.99917
0.98330,0.99917
0.98337,0.99917
0.98343,0.99917
0.98350,0.99917
0.98357,0.99917
0.98364,0.99917
0.98371,0.99917
0.98377,0.99917
0.98384,0.99917
0.98391,0.99917
0.98398,0.99917
0.98405,0.99917
0.98412,0.99917
0.98418,0.99917
0.98425,0.99917
0.98432,0.99917
0.98439,0.99917
0.98446,0.99917
0.98452,0.99917
0.98459,0.99917
0.98466,0.99917
0.98473,0.99917
0.98480,0.99917
0.98487,0.99917
0.98493,0.99917
0.98500,0.99917
0.98507,0.99917
0.98514,0.99917
0.98521,0.99917
0.98527,0.99917
0.98534,0.99917
0.98541,0.99917
0.98548,0.99917
0.98555,0.99917
0.98561,0.99917
0.98568,0.99917
0.98575,0.99917
0.98582,0.99917
0.98589,0.99917
0.98596,0.99917
0.98602,0.99917
0.98609,0.99917
0.98616,0.99917
0.98623,0.99917
0.98630,0.99917
0.98636,0.99917
0.98643,0.99917
0.98650,0.99917
0.98657,0.99917
0.98664,0.99917
0.98671,0.99917
0.98677,0.99917
0.98684,0.99917
0.98691,0.99917
0.98698,0.99917
0.98705,0.99917
0.98711,0.99917
0.98718,0.99917
0.98725,0.99917
0.98732,0.99917
0.98739,0.99917
0.98746,0.99917
0.98752,0.99917
0.98759,0.99917
0.98766,0.99917
0.98773,0.99917
0.98780,0.99917
0.98786,0.99917
0.98793,0.99917
0.98800,0.99917
0.98807,0.99917
0.98814,0.99917
0.98821,0.99917
0.98827,0.99917
0.98834,0.99917
0.98841,0.99917
0.98848,0.99917
0.98855,0.99917
0.98861,0.99917
0.98868,0.99917
0.98875,0.99917
0.98882,0.99917
0.98889,0.99917
0.98896,0.99917
0.98902,0.99917
0.98909,0.99917
0.98916,0.99917
0.98923,0.99917
0.98930,0.99917
0.98936,0.99917
0.98943,0.99917
0.98950,0.99917
0.98957,0.99917
0.98964,0.99917
0.98971,0.99917
0.98977,0.99917
0.98984,0.99917
0.98991,0.99917
0.98998,0.99917
0.99005,0.99917
0.99011,0.99917
0.99018,0.99917
0.99025,0.99917
0.99032,0.99917
0.99039,0.99917
0.99046,0.99917
0.99052,0.99917
0.99059,0.99917
0.99066,0.99917
0.99073,0.99917
0.99080,0.99917
0.99086,0.99917
0.99093,0.99917
0.99100,0.99917
0.99107,0.99917
0.99114,0.99917
0.99121,0.99917
0.99127,0.99917
0.99134,0.99917
0.99141,0.99917
0.99148,0.99917
0.99155,0.99917
0.99161,0.99917
0.99168,0.99917
0.99175,0.99917
0.99182,0.99917
0.99189,0.99917
0.99196,0.99917
0.99202,0.99917
0.99209,0.99917
0.99216,0.99917
0.99223,0.99917
0.99230,0.99917
0.99236,0.99917
0.99243,0.99917
0.99250,0.99917
0.99257,0.99917
0.99264,0.99917
0.99271,0.99917
0.99277,0.99917
0.99284,0.99917
0.99291,0.99917
0.99298,0.99917
0.99298,1.00000
0.99305,1.00000
0.99311,1.00000
0.99318,1.00000
0.99325,1.00000
0.99332,1.00000
0.99339,1.00000
0.99346,1.00000
0.99352,1.00000
0.99359,1.00000
0.99366,1.00000
0.99373,1.00000
0.99380,1.00000
0.99386,1.00000
0.99393,1.00000
0.99400,1.00000
0.99407,1.00000
0.99414,1.00000
0.99421,1.00000
0.99427,1.00000
0.99434,1.00000
0.99441,1.00000
0.99448,1.00000
0.99455,1.00000
0.99461,1.00000
0.99468,1.00000
0.99475,1.00000
0.99482,1.00000
0.99489,1.00000
0.99496,1.00000
0.99502,1.00000
0.99509,1.00000
0.99516,1.00000
0.99523,1.00000
0.99530,1.00000
0.99536,1.00000
0.99543,1.00000
0.99550,1.00000
0.99557,1.00000
0.99564,1.00000
0.99570,1.00000
0.99577,1.00000
0.99584,1.00000
0.99591,1.00000
0.99598,1.00000
0.99605,1.00000
0.99611,1.00000
0.99618,1.00000
0.99625,1.00000
0.99632,1.00000
0.99639,1.00000
0.99645,1.00000
0.99652,1.00000
0.99659,1.00000
0.99666,1.00000
0.99673,1.00000
0.99680,1.00000
0.99686,1.00000
0.99693,1.00000
0.99700,1.00000
0.99707,1.00000
0.99714,1.00000
0.99720,1.00000
0.99727,1.00000
0.99734,1.00000
0.99741,1.00000
0.99748,1.00000
0.99755,1.00000
0.99761,1.00000
0.99768,1.00000
0.99775,1.00000
0.99782,1.00000
0.99789,1.00000
0.99795,1.00000
0.99802,1.00000
0.99809,1.00000
0.99816,1.00000
0.99823,1.00000
0.99830,1.00000
0.99836,1.00000
0.99843,1.00000
0.99850,1.00000
0.99857,1.00000
0.99864,1.00000
0.99870,1.00000
0.99877,1.00000
0.99884,1.00000
0.99891,1.00000
0.99898,1.00000
0.99905,1.00000
0.99911,1.00000
0.99918,1.00000
0.99925,1.00000
0.99932,1.00000
0.99939,1.00000
0.99945,1.00000
0.99952,1.00000
0.99959,1.00000
0.99966,1.00000
0.99973,1.00000
0.99980,1.00000
0.99986,1.00000
0.99993,1.00000
1.00000,1.00000
